category,subcategory,name,price,discount,quantity,likes,isnew,brand,colour1,colour2,photo
women,Pantalons & Shorts,Pantalon décontracté à taille élastique de couleur unie,25.99,49,8346,5564,0,,Khaki,Black,https://imgaz1.chiccdn.com/thumb/view/oaupload/newchic/images/05/A9/f908379b-4128-4270-8933-e724653b2a28.jpg
women,Robes imprimées,Robe midi décontractée à imprimé floral,23.99,49,1893,1262,0,,Khaki,White,https://imgaz1.chiccdn.com/thumb/view/oaupload/newchic/images/3A/20/bd1ec57a-875d-44ed-92e8-a7d487075dc1.jpg
women,T-shirts,T-shirt brodé de fleurs,15.99,59,6727.5,4485,0,,Green,Sky Blue,https://imgaz1.chiccdn.com/thumb/view/oaupload/newchic/images/82/A2/d234e908-188c-4493-9f3c-9ae7a4275259.jpg
women,Robes imprimées,Robe longue à imprimé floral vintage,33.99,52,3628.5,2419,0,,Red,Yellow,https://imgaz1.chiccdn.com/thumb/view/oaupload/newchic/images/3F/CB/9fbb9cf2-99d4-4cb4-aac3-1cda952f3f43.jpg
women,Combinaisons & Grenouillères,Combinaison à bretelles à imprimé floral,32.99,49,49.5,33,1,,Red,Navy,https://imgaz1.chiccdn.com/thumb/view/oaupload/newchic/images/52/51/562b5bbb-5180-4d3f-8014-993d79cbef92.jpg
women,Combinaisons & Grenouillères,Combinaison à bretelles à imprimé floral,29.99,53,6198,4132,0,,Black,Apricot,https://imgaz1.chiccdn.com/thumb/view/oaupload/newchic/images/C1/AC/f12ab12b-debe-4f5a-bacc-9e46dd280084.jpg
women,Pantalons & Shorts,Pantalon décontracté à fleurs,21.99,54,4642.5,3095,0,Gracila,Blue,Yellow,https://imgaz1.chiccdn.com/thumb/view/oaupload/newchic/images/56/AE/d89d31a2-1fae-4779-a82c-fbbe7675c413.jpg
women,T-shirts,T-shirt simple à fleurs,19.42,51,4860,3240,0,,Black,Grey,https://imgaz1.chiccdn.com/thumb/view/oaupload/newchic/images/CF/AA/e09c4602-1d28-47ad-a429-73cadef2e1a8.jpg
women,Robes imprimées,Robe longue à patchwork imprimé,28.99,61,8733,5822,0,,vert,Jaune,https://imgaz1.chiccdn.com/thumb/view/oaupload/newchic/images/0F/5E/e1ef7c6b-9231-4e15-8a38-6f6d7fe83be8.jpg
women,Pantalons & Shorts,Sarouel croisé décontracté,16.99,65,5229,3486,0,O-NEWE,Black,Blue,https://imgaz1.chiccdn.com/thumb/view/oaupload/newchic/images/7E/3A/0e435d9a-fd6a-4ddf-a140-30c14e47eb45.jpg
women,T-shirts,T-shirt imprimé poisson,17.99,55,5313,3542,0,Gracila,Green,Blue,https://imgaz1.chiccdn.com/thumb/view/oaupload/newchic/images/11/EE/77350a61-52b8-4c8b-b59f-872a7b2d79fb.jpg
women,Blouses & Chemises,Chemisier ample de couleur unie,31.99,49,1377,918,0,,White,Black,https://imgaz1.chiccdn.com/thumb/view/oaupload/newchic/images/7F/C8/61115a11-fd55-4a9d-9937-e6625eb09969.jpg
women,Robes imprimées,Robe midi bohème imprimée à pois,24.99,47,2595,1730,0,,Grey,Yellow,https://imgaz1.chiccdn.com/thumb/view/oaupload/newchic/images/A1/AC/f5588ba4-5f39-4d0a-bd1e-6216170be55b.jpg
women,Pantalons & Shorts,Pantalon imprimé papillons en bambou,27.6,48,4239,2826,0,,Grey,Black,https://imgaz1.chiccdn.com/thumb/view/oaupload/newchic/images/B2/06/d0b6bba4-d182-4984-b609-76c032e8e99d.jpg
women,Robes imprimées,Robe mi-longue imprimée à fleurs,21.99,49,811.5,541,0,,Yellow,Grey,https://imgaz1.chiccdn.com/thumb/view/oaupload/newchic/images/25/3C/df70512c-24ce-405e-bd0d-9444e008726d.jpg
women,Robes imprimées,Robe maxi sans manches imprimé patchwork,24.99,59,2535,1690,0,ZANZEA,Orange,Khaki,https://imgaz1.chiccdn.com/thumb/view/oaupload/newchic/images/8D/80/7cc3c980-b550-40c6-b5b6-e686ecf665ce.jpg
women,Robes décontractées,Robe longue de couleur contrastée,26.57,46,5044.5,3363,0,,gris,Bleu,https://imgaz1.chiccdn.com/thumb/view/oaupload/newchic/images/32/95/4a6b7e59-0ffb-449e-a4d5-58ed057b5fdb.jpg
women,Combinaisons & Grenouillères,Combinaison à bretelles à imprimé floral Daisy,29.99,50,4318.5,2879,0,,Green,Navy,https://imgaz1.chiccdn.com/thumb/view/oaupload/newchic/images/F1/AC/107844b6-4daa-40e3-80f7-b3d8337808d1.jpg
women,Blouses & Chemises,Chemisier à manches courtes brodé bohème,24.99,51,7518,5012,0,,blanc,Rose,https://imgaz1.chiccdn.com/thumb/view/oaupload/newchic/images/C1/23/707e0d3c-871b-4f48-9c0c-3243abce6b4c.jpg
women,Robes imprimées,Robe imprimée à poches col rond,30.66,48,696,464,0,,Yellow,Blue,https://imgaz1.chiccdn.com/thumb/view/oaupload/newchic/images/3B/0E/e202cdb1-9cb4-4e1c-8bf1-05b11cc03b4a.jpg
women,Blouses & Chemises,Chemisier à manches longues imprimé chat ,22.99,56,7089,4726,0,Gracila,White,Blue,https://imgaz1.chiccdn.com/thumb/view/oaupload/ser1/newchic/images/E6/D5/a9750bea-9efc-493b-9070-08f3e84e74fc.jpg
women,Blouses & Chemises,Chemisier col rabattu de couleur unie,25.99,49,834,556,0,,White,Black,https://imgaz1.chiccdn.com/thumb/view/oaupload/newchic/images/AF/3B/a70a79a5-c397-4012-adb0-36e3a5cf9572.jpg
women,T-shirts,T-shirt décontracté à fleurs,21.99,50,2019,1346,0,,Green,Grey,https://imgaz1.chiccdn.com/thumb/view/oaupload/newchic/images/08/90/bb1eeb6d-6937-4774-b213-0141cbba874a.jpg
women,T-shirts,T-shirt boutonné uni,19.99,58,3663,2442,0,,Green,Orange,https://imgaz1.chiccdn.com/thumb/view/oaupload/newchic/images/8E/03/6397767e-da0a-424b-82a8-060c37388f82.jpg
women,Combinaisons & Grenouillères,Combinaison imprimé papillons,30.66,42,3255,2170,0,Gracila,Green,Grey,https://imgaz1.chiccdn.com/thumb/view/oaupload/newchic/images/4A/7B/a19fb059-0321-4223-a62f-d9e0946d4719.jpg
women,Blouses & Chemises,Chemisier Selvedge Stringy,25.99,49,1033.5,689,0,,#01,#02,https://imgaz1.chiccdn.com/thumb/view/oaupload/newchic/images/E7/CD/be2f2d8a-9f55-45ab-b52d-d3451d9cf91c.jpg
women,Robes imprimées,Robe midi chemise boutonnée vintage,27.27,51,4426.5,2951,0,ZANZEA,Rose,Noir,https://imgaz1.chiccdn.com/thumb/view/oaupload/newchic/images/F3/11/273892ae-82cd-40da-9864-1ad51d7d4c56.jpg
women,Pantalons & Shorts,Pantalon décontracté à imprimé graffiti,18.99,55,2532,1688,0,O-NEWE,Green,Red,https://imgaz1.chiccdn.com/thumb/view/oaupload/newchic/images/5E/AE/0675246d-d640-4628-888c-0779b3dcadc5.jpg
women,T-shirts,T-shirt boutonné à fleurs,20.44,47,3141,2094,0,,Sky Blue,White,https://imgaz1.chiccdn.com/thumb/view/oaupload/newchic/images/8A/1B/3982c58d-ff78-43f3-9388-5d9adb2f1ec1.jpg
women,Robes imprimées,Robe décontractée imprimée,15.99,61,1458,972,0,ZANZEA,Red,Green,https://imgaz1.chiccdn.com/thumb/view/oaupload/newchic/images/C3/8B/ebfce95c-2bef-4ab2-960d-3de7662a6b1f.jpg
women,Combinaison & Salopette,Combinaison ample bohème à bretelles,25.99,57,5859,3906,0,,kaki,Noir,https://imgaz1.chiccdn.com/thumb/view/oaupload/newchic/images/30/34/3fb522cd-ae7c-4239-8fc9-3155d986023a.jpg
women,Pantalons & Shorts,Pantalon décontracté uni femme,21.99,54,1720.5,1147,0,,White,Blue,https://imgaz1.chiccdn.com/thumb/view/oaupload/newchic/images/B1/8A/4ce149db-0da4-4c62-ae9e-4e88e66bfb7f.jpg
women,Robes imprimées,Robe de couleur contrastée florale,28.99,49,1197,798,0,,Yellow,Red,https://imgaz1.chiccdn.com/thumb/view/oaupload/newchic/images/3D/FE/267550ad-68fb-4b48-b195-0e1e3051aee8.jpg
women,Chemises,T-shirt imprimé chat de dessin animé,21.99,65,5767.5,3845,0,,Blue,Grey,https://imgaz1.chiccdn.com/thumb/view/oaupload/newchic/images/29/C3/2f454338-aa52-4cb9-85da-b969c3fa3d1a.jpg
women,Robes imprimées,Robe maxi vintage imprimé bohème,43.96,48,2359.5,1573,0,,Orange,,https://imgaz1.chiccdn.com/thumb/view/oaupload/ser1/newchic/images/AB/08/389b442d-35e2-46fe-9b48-526d6d1a2603.jpg
women,Soutiens-gorge,7XL Plus Taille Wireless Sport Yoga Bras,16.99,59,2065.5,1377,0,,Nu,gris,https://imgaz1.chiccdn.com/thumb/view/oaupload/newchic/images/BC/42/e400e507-41ea-479f-aa50-82178cd8b9b9.jpg
women,T-shirts,T-shirt à fleurs Daisy,23.99,50,1369.5,913,0,,Grey,,https://imgaz1.chiccdn.com/thumb/view/oaupload/newchic/images/93/DE/c7493584-c944-469b-8142-fa6a84203724.jpg
women,T-shirts,T-shirt décontracté ample imprimé,19.99,55,3015,2010,0,,Black,Grey,https://imgaz1.chiccdn.com/thumb/view/oaupload/newchic/images/F7/9D/0e524ba4-65eb-4f76-aab3-c17b9a9d716a.jpg
women,Blouses & Chemises,Chemisier boutonné imprimé vintage,25.99,49,1668,1112,0,,Blue,,https://imgaz1.chiccdn.com/thumb/view/oaupload/newchic/images/6A/F0/a0e68e14-bac3-43fe-91f6-b63a3bdbc758.jpg
women,T-shirts,T-shirt patchwork imprimé floral,23.99,49,1677,1118,0,,Navy,Wine Red,https://imgaz1.chiccdn.com/thumb/view/oaupload/newchic/images/04/CD/90be342b-208e-4b68-b669-df6ed32deb24.jpg
women,T-shirts,T-shirt bouton grenouille imprimé chat,20.44,47,2463,1642,0,Gracila,Green,Wine Red,https://imgaz1.chiccdn.com/thumb/view/oaupload/newchic/images/9E/65/a6810dab-2c10-4517-9476-3ecfe42bc502.jpg
women,Robes imprimées,Robe sans manches à fleurs,32.99,55,1090.5,727,0,Gracila,Green,Grey,https://imgaz1.chiccdn.com/thumb/view/oaupload/newchic/images/72/23/1b0c7115-c73a-4f20-bade-90e22b9e6a61.jpg
women,T-shirts,T-shirt à col rond imprimé fleuri,22.99,49,1393.5,929,0,,White,Green,https://imgaz1.chiccdn.com/thumb/view/oaupload/newchic/images/43/E7/7acb9730-4846-4554-872b-0ecde479d251.jpg
women,Blouses & Chemises,Chemisier imprimé papillons fleurs,26.99,49,606,404,0,,Yellow,Dark Green,https://imgaz1.chiccdn.com/thumb/view/oaupload/newchic/images/29/5A/b5d9f68a-3637-422b-bbc0-03c5b78fe607.jpg
women,Combinaisons & Grenouillères,Combinaisons brodées de fleurs,30.66,42,2263.5,1509,0,Gracila,Light Green,Light Blue,https://imgaz1.chiccdn.com/thumb/view/oaupload/newchic/images/57/CF/f797a410-4ad5-4825-8598-9d294446c0c4.jpg
women,Pantalons & Shorts,Pantalon taille élastique imprimé fleuri,31.99,49,1000.5,667,0,,Apricot,Blue,https://imgaz1.chiccdn.com/thumb/view/oaupload/newchic/images/47/3A/eea2a351-82e2-42c0-b191-03e30234fcae.jpg
women,Chemises,T-shirt imprimé floral marguerite ,21.99,55,1327.5,885,0,O-NEWE,Wine Red,Blue,https://imgaz1.chiccdn.com/thumb/view/oaupload/newchic/images/28/ED/1f37a4fc-dc9e-4378-836d-d4de1feef7b9.jpg
women,Combinaisons & Grenouillères,Combinaison imprimée poisson dessin animé,30.66,42,2260.5,1507,0,Gracila,White,Green,https://imgaz1.chiccdn.com/thumb/view/oaupload/newchic/images/AB/36/6937e12a-4518-4978-bd73-584108636e13.jpg
women,Chemises,T-shirt à manches courtes imprimé papillon,21.99,44,24,16,0,,vert,Violet,https://imgaz1.chiccdn.com/thumb/view/oaupload/newchic/images/EF/E1/67941309-2c27-492e-a899-6ce97b376383.jpg
women,Boho Dresses,Robe longue ethnique à imprimé floral,32.99,49,24,16,0,,Navy,,https://imgaz1.chiccdn.com/thumb/view/oaupload/newchic/images/EC/36/fb84fa00-1f19-4549-9b16-2e3abb540a82.jpg
women,Bra,Soutien-gorge de sommeil avec bretelles en dentelle à glissière sur le devant,25.99,48,1.5,1,1,,Coffee,Black,https://imgaz1.chiccdn.com/thumb/view/oaupload/newchic/images/66/23/d96d192f-fbd2-48b6-b568-00464fe3f3dd.jpg
women,Pantalons & Shorts,Pantalon taille élastique à imprimé floral,23.21,50,414,276,0,ZANZEA,gris,,https://imgaz1.chiccdn.com/thumb/view/oaupload/newchic/images/2F/3B/04c92c19-b031-4a52-b2a2-dd32ecb5b5a1.jpg
women,Robes imprimées,Robe à encolure en V et imprimé géométrique,24.99,44,6,4,0,,blanc,Bleu,https://imgaz1.chiccdn.com/thumb/view/oaupload/newchic/images/7F/16/c0f0f7fe-d03b-4a5e-bff6-c62eec0864fe.jpg
women,Robes décontractées,Robe plissée à col en V et nœud papillon,29.99,55,7.5,5,1,VONDA,Black,Red,https://imgaz1.chiccdn.com/thumb/view/oaupload/newchic/images/04/FB/682ba382-1a75-408e-b485-4b326b927d47.jpg
women,Robes imprimées,Robe patchwork à imprimé floral vintage,25.99,55,3,2,1,ZANZEA,Red,Navy,https://imgaz1.chiccdn.com/thumb/view/oaupload/newchic/images/65/5A/e4f95539-2720-4f4f-86b7-cb1afcd2c19e.jpg
women,Robes sexy,Mini robe femme,39.87,45,514.5,343,0,YOINS,Marine,,https://imgaz1.chiccdn.com/thumb/view/oaupload/newchic/images/9E/8F/b04aa9e9-09fc-46ba-bbb9-f83130419014.jpg
women,T-shirts,T-shirt ras du cou imprimé lettre,19.42,48,52.5,35,0,,Black,Grey,https://imgaz1.chiccdn.com/thumb/view/oaupload/newchic/images/50/29/905624de-f48f-4481-bc89-62af25a187ef.jpg
women,Robes imprimées,Robe sans manches imprimée à rayures,27.99,52,90,60,0,Celmia,Noir,Marine,https://imgaz1.chiccdn.com/thumb/view/oaupload/newchic/images/E9/A0/5fb0e26f-ef4b-4f14-9fa0-a7d5a768e5a1.jpg
women,Combinaison & Salopette,Combinaison ceinturée à bretelles spaghetti,29.99,57,75,50,0,VONDA,Black,Red,https://imgaz1.chiccdn.com/thumb/view/oaupload/newchic/images/07/E1/baf1c0e7-9fcf-4fa8-b321-6be3be580eb1.jpg
women,Chemises,T-shirt décontracté à ourlet asymétrique,27.99,53,97.5,65,0,,Black,Grey,https://imgaz1.chiccdn.com/thumb/view/oaupload/ser1/newchic/images/53/9C/713313f8-5991-4ca7-9d1b-82bc61ec9d92.jpg
women,Blouses & Chemises,Chemise à revers brodée,35.78,49,162,108,0,Gracila,Pink,Green,https://imgaz1.chiccdn.com/thumb/view/oaupload/ser1/newchic/images/DB/7A/cf070919-e06f-4cd6-9ab7-d1485932918f.jpg
women,Bikinis &Tankinis,String sexy bikinis,11.1,51,187.5,125,0,,Noir,blanc,https://imgaz1.chiccdn.com/thumb/view/oaupload/newchic/images/7E/A2/f2ed421b-dfda-4591-8c14-8204c63bd171.jpg
women,Vestes & Gilets,Veste à capuche à motif floral,44.99,54,232.5,155,0,,Red,Green,https://imgaz1.chiccdn.com/thumb/view/oaupload/ser1/newchic/images/86/FE/4b3d1cdb-9146-463a-926e-6f01c73a6aac.jpg
women,Pajamas Bottoms,Plus Pyjama 100% coton imprimé,9.99,44,3,2,0,,Yellow,Green,https://imgaz1.chiccdn.com/thumb/view/oaupload/newchic/images/D1/33/acadf5e5-c80d-4dce-a7e3-55bc54eaeb64.jpg
women,Robes décontractées,Robe patchwork à pois,26.99,54,6,4,0,,rouge,,https://imgaz1.chiccdn.com/thumb/view/oaupload/newchic/images/1B/90/84f2b344-7a84-4b4a-8be5-2a19ff9f5553.jpg
women,Brassières de sport,Soutien-gorge Yoga respirant à couverture complète sans fil,12.99,46,15,10,0,,White,Navy,https://imgaz1.chiccdn.com/thumb/view/oaupload/newchic/images/26/F6/a390adec-3c02-4773-b7bd-aad0e89a6a56.jpg
women,T-shirts,T-shirt à imprimé arc-en-ciel,23.51,49,79.5,53,0,,Red,,https://imgaz1.chiccdn.com/thumb/view/oaupload/newchic/images/FD/E2/7ff8b311-72f2-40a8-86ac-0e9156667054.jpg
women,Chemises,Chemise patchwork imprimé léopard,23.99,54,40.5,27,0,,blanc,Noir,https://imgaz1.chiccdn.com/thumb/view/oaupload/newchic/images/29/7F/038a882d-593f-42f1-a068-05e085c9ef39.jpg
women,Culotte haute,3XL Plus Culotte taille dentelle et coton,8.79,53,43.5,29,0,,rouge,Violet,https://imgaz1.chiccdn.com/thumb/view/oaupload/ser1/newchic/images/A5/41/80acfb91-64ac-4359-bf1b-9172bdc525b3.jpg
women,Vestes & Gilets,Manteau en molleton imitation daim,44.43,49,178.5,119,0,YCOSIC,Navy,Brown,https://imgaz1.chiccdn.com/thumb/view/oaupload/ser1/newchic/images/81/DD/41ea6bc3-043f-4a25-9467-358d016225cd.jpg
women,Robes imprimées,Robe ras du cou imprimée,28.99,50,280.5,187,0,,Pink,,https://imgaz1.chiccdn.com/thumb/view/oaupload/newchic/images/BB/F4/d0128e80-ca29-44a5-919a-e9b95b1f92f5.jpg
women,Robes maxi,Imprimer manches longues Islam musulman robe longue,42.99,48,232.5,155,0,,Abricot,,https://imgaz1.chiccdn.com/thumb/view/oaupload/newchic/images/DC/67/a7014f21-5979-4305-92c2-2986f086026a.jpg
women,Robes décontractées,Robe patchwork décontractée ,27.99,53,19.5,13,0,,Pink,,https://imgaz1.chiccdn.com/thumb/view/oaupload/newchic/images/F3/80/2387d793-3f76-4fbe-afbb-00b1efb04837.jpg
women,Robes décontractées,Robe décontractée de couleur unie ,26.99,56,111,74,0,ZANZEA,Black,Green,https://imgaz1.chiccdn.com/thumb/view/oaupload/newchic/images/D6/04/3ba32be7-063a-4854-b075-0fb8ff51df90.jpg
women,Chemises,Blouse ample à col en V de couleur unie,18.99,55,28.5,19,0,ZANZEA,Black,Navy,https://imgaz1.chiccdn.com/thumb/view/oaupload/newchic/images/44/29/718ea37d-34ab-4f14-8821-6653f525040e.jpg
women,Robes imprimées,Robe longue sans manches à imprimé d'été ,23.99,55,39,26,0,ZANZEA,Yellow,Red,https://imgaz1.chiccdn.com/thumb/view/oaupload/newchic/images/74/33/d2ba253a-27f8-4230-bcbd-c73393dbb077.jpg
women,Robes décontractées,Robe imprimée lettre arbres,27.99,49,45,30,0,,Grey,,https://imgaz1.chiccdn.com/thumb/view/oaupload/newchic/images/E5/22/134cd734-a0cc-4f85-a4e5-d46c8ee65e0d.jpg
women,T-shirts,T-shirt imprimé en tricot,48.99,50,39,26,0,,Print,,https://imgaz1.chiccdn.com/thumb/view/oaupload/newchic/images/AC/E7/74392db1-46ee-42ff-975d-33935ca7d5a9.jpg
women,Robes décontractées,Robe sans manches à rayures arc-en-ciel,27.99,44,1.5,1,1,,Multi Color,,https://imgaz1.chiccdn.com/thumb/view/oaupload/newchic/images/75/A6/ada44cb3-c642-4596-971d-1fb7ecf3c776.jpg
women,Robes imprimées,Robe ceinture imprimée vintage,41.99,48,3,2,1,,Blue,,https://imgaz1.chiccdn.com/thumb/view/oaupload/newchic/images/E7/4D/439476c8-1175-4a05-a05c-1fe9bfe1f90e.jpg
women,Chemises,Chemise asymétrique en velours côtelé,28.99,45,1.5,1,1,ZANZEA,Navy,Brown,https://imgaz1.chiccdn.com/thumb/view/oaupload/newchic/images/78/9E/68727c27-1076-4601-87ec-f478484e2da0.jpg
women,Blouses & Chemises,Chemisier à manches longues imprimé feuilles,25.99,48,0,0,1,,Green,,https://imgaz1.chiccdn.com/thumb/view/oaupload/newchic/images/31/87/345b6a4e-9d21-45d0-8700-70f6d08dbe4b.jpg
women,Robes imprimées,Robe midi imprimée à col rond Flora,21.99,49,1.5,1,1,,Pink,Orange,https://imgaz1.chiccdn.com/thumb/view/oaupload/newchic/images/AB/F6/b36bc302-2bdd-47a4-93ce-2aa96996d6be.jpg
women,Robes imprimées,Robe rayée à pois,28.99,54,0,0,1,,Purple,,https://imgaz1.chiccdn.com/thumb/view/oaupload/newchic/images/C7/DF/9f742626-c26d-4ee5-b717-87775d4b8201.png
women,Chemises,Chemisier Fleurs Papillons Chat,25.99,54,6,4,1,,Purple,Green,https://imgaz1.chiccdn.com/thumb/view/oaupload/newchic/images/A5/F9/61c0b67f-00de-46a4-ba09-c817a4c14ee9.jpg
women,T-shirts,T-shirt fendu à col en V à rayures,30.99,50,22.5,15,0,,Black,White,https://imgaz1.chiccdn.com/thumb/view/oaupload/newchic/images/36/AC/6ee7f64e-be93-465d-91b4-d9047900331d.jpg
women,Blouses & Chemises,Blouson à manches longues en vrac sans manches,10.99,48,361.5,241,0,,gris,,https://imgaz1.chiccdn.com/thumb/view/upload/2015/09/SKU209428(1).jpg
women,T-shirts,T-shirt rayé à manches trompette,24.99,50,3,2,1,,Gray,Yellow,https://imgaz1.chiccdn.com/thumb/view/oaupload/newchic/images/B5/64/058fef1e-36f0-4a89-a477-8167e80c85e8.jpg
women,Robes imprimées,Robe midi irrégulière à bretelles spaghetti,42.99,47,27,18,0,,White,,https://imgaz1.chiccdn.com/thumb/view/oaupload/newchic/images/57/9E/4baa51c4-2478-4eeb-a7f3-7ab605cac7ef.jpg
women,Bikinis &Tankinis,Bikini String Tie Dye,9.99,50,49.5,33,0,,Pink,Green,https://imgaz1.chiccdn.com/thumb/view/oaupload/newchic/images/BE/FF/f235d296-b2fc-4ca9-a703-dee0842c1f55.jpg
women,Robes imprimées,Robe à imprimé floral géométrique,23.99,62,0,0,1,O-NEWE,Green,,https://imgaz1.chiccdn.com/thumb/view/oaupload/newchic/images/74/1E/ec8a7444-1d13-4df4-ac9f-2adc9043ced6.jpeg
women,Robes décontractées,Robe à poches boutonnées de couleur unie,29.99,48,399,266,0,,Orange,Vin rouge,https://imgaz1.chiccdn.com/thumb/view/oaupload/newchic/images/35/2A/24c0357d-fa66-4a37-97c2-f3e5668ab637.jpg
women,Robes décontractées,Robe maxi à manches 3/4 et à boutons,25.21,55,316.5,211,0,Celmia,Noir,blanc,https://imgaz1.chiccdn.com/thumb/view/oaupload/newchic/images/DD/D0/2cba402b-082b-4b29-a39b-490b07f9cfae.jpg
women,Vestes & Gilets,Manteau long imprimé ethnique vintage,66.99,50,75,50,0,,Red,Black,https://imgaz1.chiccdn.com/thumb/view/oaupload/ser1/newchic/images/53/4D/efbc286a-0896-499e-96bb-bf3fa1fca132.jpg
women,Chemises,Chemise jacquard de couleur unie,21.99,56,151.5,101,0,ZANZEA,Black,White,https://imgaz1.chiccdn.com/thumb/view/oaupload/newchic/images/CF/30/041ed25f-2bf6-4158-80ba-4870958a92f9.jpg
women,T-shirts,T-shirt décontracté imprimé épaules dénudées,24.99,49,49.5,33,0,,Pink,White,https://imgaz1.chiccdn.com/thumb/view/oaupload/newchic/images/B1/BE/73e5fe65-ecf9-41f3-b346-f0b23004aa10.jpg
women,T-shirts,T-shirt décontracté à imprimé dessin animé,25.55,49,94.5,63,0,,Black,Grey,https://imgaz1.chiccdn.com/thumb/view/oaupload/newchic/images/79/18/9725ac9e-9ea8-4d1c-a6ac-4caaec42cd39.jpg
women,Robes décontractées,Robe décontractée à bretelles fendues,20,56,27,18,0,ZANZEA,Black,White,https://imgaz1.chiccdn.com/thumb/view/oaupload/newchic/images/6E/78/5a512702-58b1-4422-a9df-c29a33188241.jpg
women,Pajama Sets,Pyjama à manches courtes en pied-de-poule,23.69,48,130.5,87,0,,Grey,Blue,https://imgaz1.chiccdn.com/thumb/view/oaupload/newchic/images/25/2B/c6729e51-1dcf-4d79-94ef-619299e08151.JPG
women,Blouses & Chemises,Blouse décontractée à imprimé fleur de chat,24.99,49,6,4,1,,Blue,Green,https://imgaz1.chiccdn.com/thumb/view/oaupload/newchic/images/81/5E/45b37762-400c-4f71-8708-2bfd9824d6a9.jpg
women,Chemises,Chemisier de moto de dessin animé de chat,25.99,54,4.5,3,1,,Green,Grey,https://imgaz1.chiccdn.com/thumb/view/oaupload/newchic/images/09/55/7e2532f8-e162-4f26-bed8-510912ca07bd.jpg
women,Bikinis &Tankinis,Bikini taille haute Hit Color,9.99,47,4.5,3,0,,Pink,,https://imgaz1.chiccdn.com/thumb/view/oaupload/newchic/images/3A/85/4e370694-6c65-48d7-a4cd-8f94aab4608a.jpg
women,Une-Pièces,Patchwork léopard One Pièce,15.99,47,3,2,0,,Blue,Khaki,https://imgaz1.chiccdn.com/thumb/view/oaupload/newchic/images/2F/46/fe3f2e3b-06bd-4dd3-ab82-4fc382ab4207.jpg
women,T-shirts,T-shirt à manches courtes imprimé dessin animé,15.99,45,3,2,1,,Yellow,Blue,https://imgaz1.chiccdn.com/thumb/view/oaupload/newchic/images/BC/DF/2f643d1e-2b5f-4213-8567-127526cf59c0.jpg
women,Robes décontractées,Robe longue rayée imprimée,41.99,46,277.5,185,0,,Bleu,,https://imgaz1.chiccdn.com/thumb/view/oaupload/newchic/images/DB/77/dbd57fc7-3307-4742-9d18-d9627d5310d9.jpg
women,Blouses & Chemises,Blouse Couleur Pure Irrégulière pour Femme,48.05,49,733.5,489,0,,blanc,,https://imgaz1.chiccdn.com/thumb/view/oaupload/yoins/images/32/E3/f2f47506-cd72-4705-bf68-3df2cd9fc506.jpeg
women,Robes imprimées,Imprimer Sexy Off Shoulder Tassels Long Sleeve Women Dresses,17.99,50,280.5,187,0,ZHI,vert,Bleu marin,https://imgaz1.chiccdn.com/thumb/view/oaupload/newchic/images/EA/0F/ed5592ef-1aea-4ce1-a7d0-e8d112f6ab6b.jpg
women,Shapewears,Gilet sexy en maille transparente,13.32,52,52.5,35,0,,Noir,Nu,https://imgaz1.chiccdn.com/thumb/view/oaupload/ser1/newchic/images/40/67/82edef53-c6ad-4453-8932-f9bf4bfe864f.jpg
women,Denim & Jeans,Jean déchiré sexy à pompons serrés,29.99,50,22.5,15,0,,Blue,,https://imgaz1.chiccdn.com/thumb/view/oaupload/newchic/images/1E/A8/cab757ec-327d-4b9b-bdfa-110076468e23.jpg
women,T-shirts,T-shirt décontracté à manches longues en dentelle,26.99,50,18,12,0,,Purple,,https://imgaz1.chiccdn.com/thumb/view/oaupload/newchic/images/9B/DC/7b632770-2390-428b-8563-8db39572d7b9.jpg
women,Tankinis,Bikini croisé Tie Dye,12.99,41,24,16,0,,Purple,,https://imgaz1.chiccdn.com/thumb/view/oaupload/newchic/images/F7/4B/8e221a81-26a0-430c-b4d7-8adacbb4bdf6.jpeg
women,Blouses & Chemises,Chemisier à manches courtes écossais,27.99,49,25.5,17,0,,Violet,café,https://imgaz1.chiccdn.com/thumb/view/oaupload/newchic/images/52/C5/f9e236ac-a45d-4cc4-a6ab-703872838885.jpg
women,Robes décontractées,Robe asymétrique sans manches fendue,21.99,52,28.5,19,0,,Noir,Vin rouge,https://imgaz1.chiccdn.com/thumb/view/oaupload/newchic/images/CA/4F/f48df775-1693-42d2-ad66-562350020479.jpg
women,Chemises,Chemisier décontracté à col en V imprimé élans,25.99,55,49.5,33,0,,Black,Grey,https://imgaz1.chiccdn.com/thumb/view/oaupload/ser1/newchic/images/7C/92/b1eccb30-7b5e-42e0-9b8c-807233113f68.jpg
women,Culotte haute,Culotte sans couture en soie glacée,6.59,53,171,114,0,,gris,Noir,https://imgaz1.chiccdn.com/thumb/view/oaupload/newchic/images/95/BA/17bf34af-0d56-4441-bb14-fefbc290e8e8.jpg
women,Une-Pièces,Croix géométrique imprimé One pièce ,15.39,51,165,110,0,,Blue,,https://imgaz1.chiccdn.com/thumb/view/oaupload/newchic/images/3F/A9/ad2d226b-9a3d-473f-8e27-7c6ae355c528.jpg
women,Shapewears,Ceinture respirante ajustable effet ventre contrôlé,16.49,50,774,516,0,,Nu,Noir,https://imgaz1.chiccdn.com/thumb/view/oaupload/newchic/images/19/EE/a7112192-7d3c-45e8-84c0-031410dc5fd4.jpg
women,Grande Taille,Polka Dot Halter rayé Patchwork robes de bain,19.99,49,63,42,0,,Bleu,,https://imgaz1.chiccdn.com/thumb/view/oaupload/newchic/images/B4/46/59f05598-d371-4ff9-b980-1639592f0f50.jpg
women,Débardeurs,Débardeur en dentelle avec gilet amincissant,18.99,49,409.5,273,0,,Noir,Violet,https://imgaz1.chiccdn.com/thumb/view/oaupload/newchic/images/77/9E/453ceed7-2112-4e96-a011-5813885fcc14.jpg
women,Kimonos,Kimono en jacquard de couleur unie,39.87,49,123,82,0,,vert,Noir,https://imgaz1.chiccdn.com/thumb/view/oaupload/newchic/images/9D/E7/b9e64481-0540-45f3-8e8b-d7ef0a5fa4fb.jpg
women,T-shirts,Puzzle T-shirt imprimé tournesol,21.46,49,49.5,33,0,,Black,Grey,https://imgaz1.chiccdn.com/thumb/view/oaupload/newchic/images/CA/53/f74f866b-c26f-470f-8d69-32f82c0227db.jpg
women,Combinaisons & Grenouillères,Combinaison large à pois,32.71,48,63,42,0,,Black,,https://imgaz1.chiccdn.com/thumb/view/oaupload/newchic/images/9A/A2/189da994-b7f7-4ec8-81af-9ce1d53eb819.jpg
women,Chemises,Chemise de broderie de fleurs vintage,21,52,58.5,39,0,ZANZEA,White,Blue,https://imgaz1.chiccdn.com/thumb/view/oaupload/newchic/images/16/B1/3ecf235b-be91-4e4e-9f01-88afbaa128c2.jpg
women,Tankinis,Tankini torsadé couleur hit blanc,15.99,47,9,6,0,,Black,,https://imgaz1.chiccdn.com/thumb/view/oaupload/newchic/images/8A/D8/dd0dfffa-22d8-441f-bde1-3850c316d588.jpg
women,Pantalons & Shorts,Pantalon taille élastique imprimé,17.99,50,30,20,0,,Red,,https://imgaz1.chiccdn.com/thumb/view/oaupload/newchic/images/22/53/d4e16196-43d3-4603-977f-05669751a57e.jpg
women,Robes imprimées,Robe longue rayée taille empire  ,22.99,54,42,28,0,ZANZEA,Black,Red,https://imgaz1.chiccdn.com/thumb/view/oaupload/newchic/images/66/A5/3ec39aba-5b06-4454-b1c3-e104c38416a3.jpg
women,Robes décontractées,Robe à capuche basique de couleur unie,35.99,54,87,58,0,ZANZEA,Black,Khaki,https://imgaz1.chiccdn.com/thumb/view/oaupload/ser1/newchic/images/7F/42/018bec22-eafe-466d-872f-4a7882c449fc.jpg
women,Shorts & Jupes,Jupes en dentelle à imprimé léopard,22.99,54,46.5,31,0,ZANZEA,Green,Yellow,https://imgaz1.chiccdn.com/thumb/view/oaupload/ser1/newchic/images/8D/A4/98a98b2d-1740-4cfe-9a2d-3b8f0ac4a398.jpg
women,Blouses & Chemises,Chemisier volant de couleur unie,23.99,49,9,6,1,,Black,Wine Red,https://imgaz1.chiccdn.com/thumb/view/oaupload/newchic/images/91/B6/d84a68d8-f2ac-47a6-906e-ac4263f3ceeb.jpg
women,Robes imprimées,Robe ceinture à col en V imprimé tropical,41.99,49,3,2,1,,Green,,https://imgaz1.chiccdn.com/thumb/view/oaupload/newchic/images/88/CF/2dc38b4d-c585-4f6b-a42c-00226e009a21.jpg
women,Blouses & Chemises,Chemisier à cordon imprimé vintage,28.99,48,3,2,1,,Orange,,https://imgaz1.chiccdn.com/thumb/view/oaupload/newchic/images/0F/B8/9bb8eb84-5177-4ad7-bac8-ea1999838bf6.jpg
women,Robes sexy,Robe maxi à manches longues à manches longues et à col en V,24.99,70,279,186,0,,Noir,rouge,https://imgaz1.chiccdn.com/thumb/view/oaupload/newchic/images/F2/71/bd3e3f57-8024-40b6-ad50-c4f4b24dfe22.jpg
women,Robes sexy,Robe sexy en dentelle à col en V,21.99,54,3,2,0,,Wine Red,Blue,https://imgaz1.chiccdn.com/thumb/view/oaupload/newchic/images/88/39/b638d214-0b26-4646-bc52-fa354621d964.jpg
women,Robes décontractées,Robe sexy rayée à bretelles spaghetti,22.99,44,10.5,7,0,,Rose,Black,https://imgaz1.chiccdn.com/thumb/view/oaupload/newchic/images/C8/0A/2892e929-8155-4f31-85b2-bb4468cb346d.jpg
women,Robes vintage,Pure Color Pleated Femmes Robes,47.02,47,276,184,0,,Jaune,,https://imgaz1.chiccdn.com/thumb/view/oaupload/newchic/images/2C/A7/a53d8c95-71d4-431e-a485-413efb70df9c.jpg
women,Chemises,Chemisier Bohémien Muti Couleur Rayé,18.99,54,376.5,251,0,ZANZEA,Bleu,marron,https://imgaz1.chiccdn.com/thumb/view/oaupload/newchic/images/2F/A5/a95e7d66-a16a-4c1e-889a-89e30429966b.jpg
women,Hoodies,Sweats à capuche décontractés à imprimé poisson,25.99,57,0,0,1,,Dark Purple,White,https://imgaz1.chiccdn.com/thumb/view/oaupload/newchic/images/D2/42/7ceb952d-7999-4b45-b4b1-90b3844bd233.jpg
women,Chemises,Chemise à pois Vintage,25.99,54,42,28,0,ZANZEA,White,Black,https://imgaz1.chiccdn.com/thumb/view/oaupload/ser1/newchic/images/5E/16/dacd2e4e-42ac-4463-a2d0-80b906827877.jpg
women,Pantalons & Shorts,Pantalon en denim déchiré à la broderie ,38.99,49,94.5,63,0,,Blue,,https://imgaz1.chiccdn.com/thumb/view/oaupload/ser1/newchic/images/43/26/2449b227-a9fa-4437-9d65-40d272e587da.jpg
women,Chemises,Chemisier fendu à fleurs,21.99,54,106.5,71,0,ZANZEA,Beige,Green,https://imgaz1.chiccdn.com/thumb/view/oaupload/newchic/images/33/4B/9a956309-0ef3-4dd7-a833-0f11ae636a28.jpg
women,Robes décontractées,Robe fendue décontractée de couleur unie,23.99,58,9,6,0,,Bleu clair,Marine,https://imgaz1.chiccdn.com/thumb/view/oaupload/newchic/images/EF/E9/a57ff2b9-c362-4acd-93d5-a7f15c41898c.jpg
women,T-shirts,T-shirts décontractés à col rond et imprimé floral,16.99,49,325.5,217,0,ZHI,rouge,Jaune,https://imgaz1.chiccdn.com/thumb/view/oaupload/newchic/images/98/0B/de0f2abc-28ac-444e-b86f-11ccf460bfc4.jpeg
women,Chemises,Chemise asymétrique de couleur unie,20.99,54,0,0,1,ZANZEA,Pink,Blue,https://imgaz1.chiccdn.com/thumb/view/oaupload/newchic/images/2A/12/ed73b294-5164-4e50-bc5e-bb73d2464a19.jpg
women,Chemises,Chemisier fendu à manches bulle,25.1,57,48,32,0,ZANZEA,Noir,blanc,https://imgaz1.chiccdn.com/thumb/view/oaupload/newchic/images/73/E7/3f85c453-7ae9-4b03-831a-105f472bb433.jpg
women,Combinaisons & Grenouillères,Combinaisons à bretelles imprimées patchwork,18.99,53,4.5,3,1,VONDA,Wine Red,Black,https://imgaz1.chiccdn.com/thumb/view/oaupload/newchic/images/36/1B/16a0d24d-2814-42fd-aa9b-c41745f12498.jpg
women,Blouses & Chemises,Blouse patchwork à fleurs,28.99,48,4.5,3,1,YCOSIC,Green,,https://imgaz1.chiccdn.com/thumb/view/oaupload/newchic/images/04/A3/a7eed952-8da9-4e35-8d20-101cfbddb464.jpg
women,Robes imprimées,Robe décontractée à col rond imprimé,28.99,59,57,38,0,O-NEWE,,,https://imgaz1.chiccdn.com/thumb/view/oaupload/newchic/images/65/76/533136cf-3ffc-4639-a014-8215b74fe730.jpg
women,Robes décontractées,Robe trapèze en dentelle patchwork,32.99,52,69,46,0,ZANZEA,Black,Yellow,https://imgaz1.chiccdn.com/thumb/view/oaupload/newchic/images/29/14/3a3dad29-454e-429e-bb5d-ff0cd26cc1d7.jpg
men,Shirts,Chemises à manches courtes à rayures,17.99,50,412.5,275,0,,Black strip,Rayure bleue,https://imgaz1.chiccdn.com/thumb/view/oaupload/newchic/images/1A/B9/a3cf3082-931e-41c4-8fee-8ea0815c5b08.jpg
men,Henley Shirts,Chemise Henley en lin respirant pour homme,16.98,58,5529,3686,0,,,,https://imgaz1.chiccdn.com/thumb/view/oaupload/newchic/images/C1/DC/96cf14d7-0cab-4c2c-86ff-19850b8ed213.jpg
men,Slips,Pochette Cosy Modal Underwear,8.99,50,75,50,0,,Rose,vert,https://imgaz1.chiccdn.com/thumb/view/oaupload/newchic/images/59/EF/ed389866-bcf0-4675-b470-50a5640c5375.jpg
men,Pyjama,Pyjama confortable en coton et lin,31.35,31,210,140,0,,Grey,Blue,https://imgaz1.chiccdn.com/thumb/view/oaupload/newchic/images/DE/B2/f48684e2-845c-4102-87d1-60cdeb6c5daa.jpg
men,T-Shirts,T-shirt décontracté en coton uni avec poche poitrine,9.99,62,3940.5,2627,0,,Navy,Wine Red,https://imgaz1.chiccdn.com/thumb/view/oaupload/newchic/images/C1/BA/93d5c0e2-ce44-4852-9a8a-02ce532e9d38.jpeg
men,Pyjama,Plus Pyjama design patchwork taille,23.99,0,151.5,101,0,INCERUN,Rose,Vin rouge,https://imgaz1.chiccdn.com/thumb/view/oaupload/newchic/images/D8/5F/19f3e6b2-6dcd-4f7d-ba07-6882871b9e36.jpeg
men,T-Shirts,T-shirts graphiques Astronaute et Terre,9.99,67,2170.5,1447,0,,Black,Grey,https://imgaz1.chiccdn.com/thumb/view/oaupload/newchic/images/06/88/0fc06d4d-95bf-4f21-9e4f-3d6b803e49fb.jpg
men,Shirts,Chemises 100% coton imprimées pour hommes,20.99,44,13816.5,9211,0,,vert,Bleu,https://imgaz1.chiccdn.com/thumb/view/oaupload/newchic/images/97/8F/2d9d8806-d805-4cd9-9972-ecb4997a7ad9.JPG
men,Shirts,Chemises unie Striola Chest Pocket,16.49,42,7900.5,5267,0,,Blue,Black,https://imgaz1.chiccdn.com/thumb/view/oaupload/newchic/images/E2/6B/c3b5dc3b-5d9f-4e2f-8d36-d2cecb4c3acf.jpeg
men,T-Shirts,T-shirt 100% coton à col en V de couleur unie,9.99,65,1182,788,0,ChArmkpR,Sky Blue,White,https://imgaz1.chiccdn.com/thumb/view/oaupload/newchic/images/0E/1B/dcc314f9-7455-48cc-ae97-76ce052ecb3d.jpg
men,Shirts,Chemise à col montant en lin respirant,16.99,50,1560,1040,0,,blanc,gris,https://imgaz1.chiccdn.com/thumb/view/oaupload/newchic/images/C3/E9/7c9dc43d-a0fd-4935-9b71-33e8c294a80b.jpg
men,Pyjama,Ensembles de chemises en coton et lin,31.99,47,22.5,15,1,ChArmkpR,,,https://imgaz1.chiccdn.com/thumb/view/oaupload/newchic/images/37/07/8d7652a6-3603-4502-86f5-49965a6bd014.jpg
men,Henley Shirts,Chemise Henley Décontractée Solide en Lin de Coton Vintage,20.99,38,5160,3440,0,,Bleu,Jaune,https://imgaz1.chiccdn.com/thumb/view/oaupload/newchic/images/9F/BA/65e09384-af2c-44c5-ab9e-97853bc56324.jpg
men,Shirts,Coton Colorful Chemise à rayures,18.89,48,5349,3566,0,ChArmkpR,Green,Blue,https://imgaz1.chiccdn.com/thumb/view/oaupload/newchic/images/6D/59/4b211a09-05d8-4db7-bb8e-104744ee113b.jpg
men,Shirts,Chemises à manches courtes imprimées à l'huile florale vintage,19.79,30,5313,3542,0,,Yellow,Blue,https://imgaz1.chiccdn.com/thumb/view/oaupload/newchic/images/52/0F/dfcb1f89-19a5-4e2a-9f74-9b979535819b.jpeg
men,T-Shirts,Mens Sample Cartoon Cat Graphic Casual Cotton Short Sleeve T-Shirt,9.99,66,2698.5,1799,0,,vert,Bleu clair,https://imgaz1.chiccdn.com/thumb/view/oaupload/newchic/images/06/84/167f5d6d-a1b7-4353-b050-c9b5c2f64a4c.jpg
men,Shirts,Chemise patchwork de couleur contrastée,17.99,47,3753,2502,0,ChArmkpR,Black,Blue,https://imgaz1.chiccdn.com/thumb/view/oaupload/newchic/images/00/E1/0b90ea72-8abd-4c60-a278-79b2589fe65a.jpg
men,Shirts,Chemises imprimées de graffitis de dessin animé pour hommes,18.99,44,12372,8248,0,ChArmkpR,Blue,Lake Blue,https://imgaz1.chiccdn.com/thumb/view/oaupload/newchic/images/23/18/63a6666c-f262-4a11-b5d5-78ae991b7003.jpg
men,Shirts,Chemise patchwork à rayures plantes et feuilles,17.99,47,3781.5,2521,0,ChArmkpR,Jaune,Orange,https://imgaz1.chiccdn.com/thumb/view/oaupload/newchic/images/5D/CC/640003cb-be55-4168-97eb-e1c7c887403c.jpg
men,Shirts,Chemise patchwork à rayures de paysage,17.99,47,2953.5,1969,0,,Orange,Bleu,https://imgaz1.chiccdn.com/thumb/view/oaupload/newchic/images/E1/A3/b1322050-7060-4a9a-a3bd-2330fdbc26ff.jpeg
men,Shirts,Chemise unie respirante légère,15.74,44,4038,2692,0,ChArmkpR,Yellow,Khaki,https://imgaz1.chiccdn.com/thumb/view/oaupload/newchic/images/D4/F6/cb270942-4471-4ac1-b19a-f6ed6a6cf1ae.jpg
men,Shirts,Chemise à col rabattu imprimé peinture chinoise,38.84,35,4554,3036,0,,White,Black,https://imgaz1.chiccdn.com/thumb/view/oaupload/newchic/images/F2/8C/fd7a77a4-e255-41eb-8daa-4981fb4b24d9.JPG
men,Pyjama,Vêtement d'intérieur léger en lin de coton uni,27.99,47,292.5,195,0,ChArmkpR,Marine,blanc,https://imgaz1.chiccdn.com/thumb/view/oaupload/newchic/images/9F/14/5df84b9c-90a6-4259-bc92-0b323930f4f6.jpg
men,Shirts,Chemises rayées Classic pour hommes ,19.79,42,3357,2238,0,,Red,Khaki,https://imgaz1.chiccdn.com/thumb/view/oaupload/newchic/images/08/AA/6f0669cf-67b5-45be-a698-0dedc6bd46c8.jpg
men,Shirts,Chemise d'impression dégradé de coton ,25.19,33,3282,2188,0,INCERUN,Orange,Bleu,https://imgaz1.chiccdn.com/thumb/view/oaupload/ser1/newchic/images/84/AF/5120d90f-9cc9-4b19-a189-c28c41357af1.jpg
men,T-Shirts,T-shirt décontracté à col rond en coton et lin 8 couleurs,14.99,47,2968.5,1979,0,,White,Gray,https://imgaz1.chiccdn.com/thumb/view/oaupload/newchic/images/EC/25/49097abd-7b50-4cda-9604-c98b8eac4664.jpeg
men,T-Shirts,T-shirts en coton brodé Little Cloud,19.99,41,2503.5,1669,0,,White,Green,https://imgaz1.chiccdn.com/thumb/view/oaupload/newchic/images/E0/82/cc0054a7-3864-4cd5-85d7-5a0dd1c78589.jpg
men,Shirts,Chemise patchwork à rayures fleuries et colorées,17.99,47,2281.5,1521,0,ChArmkpR,vert,Jaune,https://imgaz1.chiccdn.com/thumb/view/oaupload/newchic/images/E0/F8/8be94dee-0084-4fd6-ab64-c6b0e9598cbd.jpg
men,T-Shirts,99% coton Fun Cartoon Monster Print T-shirts,18.89,33,3345,2230,0,,White,Black,https://imgaz1.chiccdn.com/thumb/view/oaupload/newchic/images/AB/76/90ac5ff5-df91-4a14-a383-393342ca3a4d.jpeg
men,Shirts,Chemise 100% coton à double poche,19.99,47,1162.5,775,0,ChArmkpR,Orange Red,White,https://imgaz1.chiccdn.com/thumb/view/oaupload/newchic/images/D8/81/46e6ef7e-31fc-4fc9-9800-4684fabdf83e.jpg
men,Shirts,Classic Chemise rayée à manches courtes,17.99,47,8089.5,5393,0,INCERUN,Black,Khaki,https://imgaz1.chiccdn.com/thumb/view/oaupload/newchic/images/84/95/02400f99-fbe7-4ca3-97c5-149fbd15923f.jpg
men,Shorts de bain,Short de bain décontracté à rayures avec doublure,17.91,41,2584.5,1723,0,,Striped,Blue,https://imgaz1.chiccdn.com/thumb/view/oaupload/newchic/images/E8/69/66076d35-53a0-49a4-8945-af72c4d15223.jpg
men,Henley Shirts,Chemise Henley Imprimée Plantes Tropicales 65% Coton,22.04,35,5505,3670,0,,#01,,https://imgaz1.chiccdn.com/thumb/view/oaupload/newchic/images/77/72/fa6933b4-683b-4c2f-8c18-59cda4de1ed1.jpg
men,Shirts,Chemises à rayures color block,18.99,44,4371,2914,0,ChArmkpR,Green,Red,https://imgaz1.chiccdn.com/thumb/view/oaupload/newchic/images/9A/03/94c7926b-9a69-4311-a850-9ceee0a598f2.jpg
men,Pantalons,Pantalon bouffant ample en coton,29.39,47,8766,5844,0,,Noir,café,https://imgaz1.chiccdn.com/thumb/view/oaupload/newchic/images/F7/5E/5cb9df8b-2766-448f-a595-2b545c013812.jpg
men,Shirts,Chemise à patchwork de rayures de couleur 100% coton,17.99,47,2137.5,1425,0,,Yellow,Blue,https://imgaz1.chiccdn.com/thumb/view/oaupload/newchic/images/AE/8C/3c838496-8543-4b81-9a93-66a116080837.jpg
men,Shirts,Chemises amples à col montant rayé pour hommes,30.79,41,7630.5,5087,0,,Noir,Bleu clair,https://imgaz1.chiccdn.com/thumb/view/oaupload/newchic/images/C5/99/99ea86a5-2da7-4ad9-8d7d-680a73cc8bdf.jpg
men,T-Shirts,T-shirts imprimés graphiques Sun & Planet,13.99,52,1398,932,0,,vert,Noir,https://imgaz1.chiccdn.com/thumb/view/oaupload/newchic/images/F5/FE/63c48f6b-bdb1-43c4-8be7-510f1191e8a1.jpg
men,Shirts,Chemise à manches courtes imprimée fleurs,20.99,44,4198.5,2799,0,,Black,White,https://imgaz1.chiccdn.com/thumb/view/oaupload/newchic/images/35/DE/f0022364-e062-41d4-ae30-85a9fe49bd84.jpg
men,Shirts,Chemise décontractée de couleur assortie asymétrique,17.99,47,2106,1404,0,,Black,Green,https://imgaz1.chiccdn.com/thumb/view/oaupload/newchic/images/17/1F/7d04027a-f335-4f92-8a5d-567f2a3409ea.jpg
men,Shirts,Chemise respirante en lin et coton Colorful,24.14,44,4636.5,3091,0,ChArmkpR,Green,Khaki,https://imgaz1.chiccdn.com/thumb/view/oaupload/newchic/images/66/C2/7b1d42a9-1b2a-4dde-b471-2a34f00ed585.jpg
men,T-Shirts,T-shirt Eclipse 100% coton Moon,9.99,67,3175.5,2117,0,,Black,White,https://imgaz1.chiccdn.com/thumb/view/oaupload/newchic/images/B5/A4/73adc906-ec28-413b-aa87-d25e11e41672.jpg
men,Shirts,Chemises Patchwork Stripe Contrast Color,21.99,39,7168.5,4779,0,INCERUN,Black,White,https://imgaz1.chiccdn.com/thumb/view/oaupload/newchic/images/CF/24/95409b6a-619a-4fe4-bccc-343c4892538e.jpg
men,Shirts,Chemise à ourlet incurvé à rayures et imprimé coco,17.99,47,1912.5,1275,0,ChArmkpR,Rose,Bleu clair,https://imgaz1.chiccdn.com/thumb/view/oaupload/newchic/images/00/90/91254feb-d68d-4135-bf3a-6f5b3022ec5a.jpeg
men,T-Shirts,T-shirt 100% coton imprimé Surf Avocat,14.99,47,223.5,149,0,,Black,Khaki,https://imgaz1.chiccdn.com/thumb/view/oaupload/newchic/images/C5/D8/871fd677-1c55-4da4-829b-df3d9667e62f.jpg
men,Shorts de bain,Short de plage imprimé Birds Fish Bones,17.99,47,124.5,83,0,,Bleu,Marine,https://imgaz1.chiccdn.com/thumb/view/oaupload/newchic/images/56/0E/c0129ecc-00c2-4869-bb8b-c5c6a7873ec0.jpg
men,Shorts,Homme Shorts De Plage Été Avec Multi-poches Couleur Unie Pantalons De Cargaison Décontracté En Coton,45.14,35,1102.5,735,0,,kaki,armée verte,https://imgaz1.chiccdn.com/thumb/view/oaupload/newchic/images/15/BC/96f85e11-822f-422d-882e-f67ab0153e77.jpg
men,Suits,Deux Pièces Robe De Mariage D'affaires Blazer Costume & Pantalon,109.99,42,832.5,555,0,,# 01,# 02,https://imgaz1.chiccdn.com/thumb/view/oaupload/newchic/images/8F/27/0b6a5ec1-687c-481a-b047-78614c589479.jpeg
men,Shirts,Colorful Chemise imprimée à rayures,19.99,47,709.5,473,0,,Yellow,Red,https://imgaz1.chiccdn.com/thumb/view/oaupload/newchic/images/3D/97/bed2fafd-a2c5-4b88-914e-d2a514656ebc.jpg
men,Shirts,Chemises de couleur unie en velours côtelé,19.99,50,66,44,0,ChArmkpR,Pink,,https://imgaz1.chiccdn.com/thumb/view/oaupload/newchic/images/4D/06/b8c52abd-0868-4ff9-b7ba-cab6c3ee4d15.jpeg
men,T-Shirts,T-shirt imprimé banane,14.99,48,333,222,0,,Bleu foncé,Bleu clair,https://imgaz1.chiccdn.com/thumb/view/oaupload/newchic/images/99/44/ea4a7f47-9226-4bb7-8edd-bf5a6e7bdaa8.jpg
men,Shirts,Chemise 100% coton couleur unie avec boucle cachée,19.99,47,291,194,0,ChArmkpR,Green,Blue,https://imgaz1.chiccdn.com/thumb/view/oaupload/newchic/images/5A/61/51f1e5a7-fe11-4b2d-b400-fb0262df5e87.jpeg
men,Pantalons,Pantalon droit en coton avec cordon de serrage,19.99,50,48,32,0,,vert,Bleu,https://imgaz1.chiccdn.com/thumb/view/oaupload/newchic/images/09/CB/cba6f533-a0d5-4532-bd58-72ede44ffab3.jpg
men,Suits,Costumes trois pièces pour hommes,191.39,43,688.5,459,0,,Noir,Marine,https://imgaz1.chiccdn.com/thumb/view/oaupload/newchic/images/49/BB/eb41ada9-e951-445c-b70e-326dab909e58.jpg
men,Henley Shirts,Chemise Henley 100% coton de couleur unie,17.99,47,120,80,0,ChArmkpR,White,Orange,https://imgaz1.chiccdn.com/thumb/view/oaupload/newchic/images/DD/3D/9f976ef7-8149-47ce-bac2-c4c603cf749c.jpg
men,Pyjama,Ensembles de pyjamas d'impression d'ananas,27.99,47,468,312,0,,Black,,https://imgaz1.chiccdn.com/thumb/view/oaupload/newchic/images/94/D9/27226634-f110-41f2-96d9-d23986b4dc3e.jpg
men,Shirts,Chemise imprimée unie couleur bonbon,17.99,47,423,282,0,ChArmkpR,Green,Pink,https://imgaz1.chiccdn.com/thumb/view/oaupload/newchic/images/F1/9B/113dabad-6c8c-4428-87e5-b13975714184.jpeg
men,Pantalons,Hommes Pantalons Légers Lâches De Yoga Confortables Pour Sports Matin,24.14,36,14131.5,9421,0,,Gris foncé,Gris,https://imgaz1.chiccdn.com/thumb/view/oaupload/newchic/images/51/13/26db20bc-8208-42ad-8b15-0fc53d753089.jpg
men,Shirts,Chemise imprimée graffiti dessin animé 3D,24.14,40,355.5,237,0,,Navy Blue,,https://imgaz1.chiccdn.com/thumb/view/oaupload/newchic/images/52/17/a4575d76-a7b5-4e39-a18e-88bee75f6f3b.JPG
men,Shirts,Chemises respirantes en patchwork de couleurs contrastées,25.29,33,1225.5,817,0,,Blue,,https://imgaz1.chiccdn.com/thumb/view/oaupload/newchic/images/9D/68/9d03ffe3-0a57-43a5-9ab2-77c3c612fc74.jpg
men,Hoodies,Sweat à capuche zippé sport pour homme,35.19,32,180,120,0,,Black,Light Grey,https://imgaz1.chiccdn.com/thumb/view/oaupload/ser1/newchic/images/A8/F9/4ac88fe5-e104-49fd-ba8d-9f8421640ff3.jpg
men,Pyjama,Rayure en deux pièces Soft Coordonnés,24.99,53,538.5,359,0,,Striped,,https://imgaz1.chiccdn.com/thumb/view/oaupload/newchic/images/1E/51/ed1cdf20-15a1-456b-974b-254753780616.jpg
men,Shirts,Chemise patchwork de style ethnique,17.99,47,403.5,269,0,,Noir,,https://imgaz1.chiccdn.com/thumb/view/oaupload/newchic/images/E4/71/0ff9a54b-ba1f-4ebb-b3ca-77d298383ad6.jpg
men,Shirts,Chemises patchwork en velours côtelé,23.99,50,94.5,63,1,ChArmkpR,Green,Yellow,https://imgaz1.chiccdn.com/thumb/view/oaupload/newchic/images/46/F3/fa2c8434-ae6b-4085-8849-cdd26c14395d.jpg
men,Shirts,Colorful Chemise à imprimé papillon,19.99,47,414,276,0,ChArmkpR,White,,https://imgaz1.chiccdn.com/thumb/view/oaupload/newchic/images/4D/52/16e114ea-b270-4c84-a2d2-6fee7d1c5e6a.jpg
men,Shirts,Chemises décontractées multicolores à imprimé chat,19.99,50,91.5,61,0,,Blue,,https://imgaz1.chiccdn.com/thumb/view/oaupload/newchic/images/45/10/86253f41-037b-4430-8b4c-7ab396a28f74.jpg
men,Tanks,Débardeur respirant multicolore simple,17.99,47,198,132,0,,blanc,Beige,https://imgaz1.chiccdn.com/thumb/view/oaupload/newchic/images/11/76/4967e64b-97cd-4195-84d2-9e3d8aabe594.jpeg
men,Shirts,Chemise à capuche plaine ethnique vintage en coton,35.99,41,5040,3360,0,,Yellow,Gray,https://imgaz1.chiccdn.com/thumb/view/oaupload/newchic/images/B7/AC/7f393045-6905-44e4-ba1c-d1f17e9a2e6a.png
men,T-Shirts,T-shirts 100% coton à motif d'avion,9.99,67,250.5,167,0,,Black,Grey,https://imgaz1.chiccdn.com/thumb/view/oaupload/newchic/images/0A/DE/7c41c966-e796-4f00-957c-e59cc4cd9b72.jpg
men,T-Shirts,T-shirts à rayures verticales,14.99,50,150,100,0,,Jaune,Rose,https://imgaz1.chiccdn.com/thumb/view/oaupload/newchic/images/75/81/a442f33c-786b-4a3e-b7f9-bcd73460b7c4.jpg
men,Gilets,Veston Coton Avec Multi-poches Pour Sport Pêche Photographique Extérieur,48.39,32,1116,744,0,,armée verte,kaki,https://imgaz1.chiccdn.com/thumb/view/oaupload/newchic/images/8C/6B/1b3f47e5-308d-4276-bd2c-5b59267a6dcf.jpg
men,Shirts,Colorful Chemises à rayures,19.99,50,82.5,55,0,,rouge,,https://imgaz1.chiccdn.com/thumb/view/oaupload/newchic/images/10/F1/0595d74d-7a3c-4d82-82a8-a70472e10c77.jpg
men,Boxers,Boxer Sexy Décontracté en Maille avec Trou et Pochette Séparée,10.99,52,1816.5,1211,0,,blanc,Noir,https://imgaz1.chiccdn.com/thumb/view/oaupload/newchic/images/63/76/4fc316c9-715b-4a10-a14b-269ee4bb046b.jpg
men,T-Shirts,T-shirt graphique imprimé en coton,27.29,38,541.5,361,0,,White,Yellow,https://imgaz1.chiccdn.com/thumb/view/oaupload/newchic/images/4B/05/db6770d8-bcfd-4e5c-91c9-d869d2f354ff.jpeg
men,Shirts,Chemise en coton à rayures verticales respirantes,18.89,37,585,390,0,ChArmkpR,Green,Pink,https://imgaz1.chiccdn.com/thumb/view/oaupload/newchic/images/06/FD/a7c05f7d-8260-4066-bc10-05971e5060e8.jpeg
men,Pyjama,Pyjama rayé en fausse soie,25.99,47,171,114,0,,vert,,https://imgaz1.chiccdn.com/thumb/view/oaupload/newchic/images/AC/26/6d99cd6b-59b7-4921-b014-fbe956528c70.jpeg
men,Shorts,Short 100% coton avec cordon de serrage,19.99,47,181.5,121,0,,Bleu,vert,https://imgaz1.chiccdn.com/thumb/view/oaupload/newchic/images/77/5C/9ecfbb9b-a0c4-4fc7-8943-39b6e843a324.jpg
men,Suits,Colorful Stripe Two Pieces,25.99,50,39,26,0,,Green,,https://imgaz1.chiccdn.com/thumb/view/oaupload/newchic/images/FB/66/8cfd02e2-f097-47f2-a965-f5659d91de30.jpeg
men,T-Shirts,T-shirts décontractés à imprimé slogan,25.29,33,259.5,173,0,,White,Black,https://imgaz1.chiccdn.com/thumb/view/oaupload/newchic/images/B6/15/1bcef923-5c16-435f-bb27-56c6df066926.jpg
men,Shorts,Short ample 100% coton à patchwork,17.99,47,163.5,109,0,ChArmkpR,Noir,rouge,https://imgaz1.chiccdn.com/thumb/view/oaupload/newchic/images/18/7B/880583cd-5869-43d5-81ef-e77dd71f860b.jpg
men,Shirts,Chemises à manches courtes imprimées tropicales,23.09,32,1179,786,0,,Yellow,,https://imgaz1.chiccdn.com/thumb/view/oaupload/newchic/images/95/20/bf61c2df-434c-457d-b752-a3567579f70f.jpg
men,Shirts,Chemises de couleur unie respirantes en coton,19.99,50,126,84,0,,White,Grey,https://imgaz1.chiccdn.com/thumb/view/oaupload/newchic/images/7B/2E/8def7ca9-af61-4fcb-9893-1754a0176c6d.jpg
men,Shirts,Chemises décontractées en velours côtelé design,19.99,50,84,56,0,ChArmkpR,Orange,,https://imgaz1.chiccdn.com/thumb/view/oaupload/newchic/images/D6/48/93a2cbee-f94d-4dae-8eee-169124063bf5.jpg
men,T-Shirts,T-shirt imprimé en coton,11.99,47,301.5,201,0,,White,Grey,https://imgaz1.chiccdn.com/thumb/view/oaupload/newchic/images/0C/93/ebab6774-45d5-4729-93f6-3f3e817a5309.jpg
men,Suits,Ensembles de lumières à imprimé banane,27.99,58,46.5,31,0,,Green,,https://imgaz1.chiccdn.com/thumb/view/oaupload/newchic/images/48/99/82cdec2d-e95d-4d58-87e4-4088bc224189.jpg
men,Shirts,Chemises à manches longues de couleur unie,17.99,50,69,46,0,,blanc,Noir,https://imgaz1.chiccdn.com/thumb/view/oaupload/newchic/images/8D/CE/6d44e6bb-cd30-483b-b6af-12cedc1d06b1.jpg
men,Débardeurs,Débardeurs imprimés astronaute étoilé,14.99,47,85.5,57,0,,Black,,https://imgaz1.chiccdn.com/thumb/view/oaupload/newchic/images/15/92/cf2f5d67-0772-4091-9f94-256aa3a1fd05.jpg
men,Suits,Costumes imprimés de dessin animé drôle de l'espace,32.99,50,78,52,0,ChArmkpR,Bleu foncé,,https://imgaz1.chiccdn.com/thumb/view/oaupload/newchic/images/0F/9A/d0303c3c-2abb-488c-8ea9-fc3415181681.jpeg
men,Boxers & Slips de bain,Slip de bain sexy rembourré,22.39,32,4.5,3,0,,Blue,,https://imgaz1.chiccdn.com/thumb/view/oaupload/ser1/newchic/images/91/56/b84e46f1-599f-4909-9b29-9dbf51773bd4.jpeg
men,Shorts de bain,Pantalon de plage décontracté à imprimé requin et fleuri,15.99,48,3,2,0,,Black,Blue,https://imgaz1.chiccdn.com/thumb/view/oaupload/newchic/images/8F/06/da0ecb76-3f9b-4ff0-8591-ee08ab186ade.jpg
men,Shirts,Chemises respirantes en coton imprimé végétal,21.99,50,4.5,3,0,,Black,,https://imgaz1.chiccdn.com/thumb/view/oaupload/newchic/images/11/B1/bdea9302-8df6-4b85-ab76-d8e81f6bb535.jpeg
men,Sweaters,Pull décontracté en tricot maigre pour hommes ,30.44,43,126,84,0,,Gris foncé,Gris clair,https://imgaz1.chiccdn.com/thumb/view/oaupload/newchic/images/F9/89/6ea14e2a-73db-419f-b3a4-caa6a2cddc6a.jpg
men,T-Shirts,T-shirt à capuche à manches raglan,29.99,50,16.5,11,0,,blanc,Noir,https://imgaz1.chiccdn.com/thumb/view/oaupload/newchic/images/8C/26/702faf14-026b-46db-a359-617226d0d918.jpg
men,Shirts,Chemises rétro à fleurs vintage,21.99,50,18,12,0,,Noir,,https://imgaz1.chiccdn.com/thumb/view/oaupload/newchic/images/84/E9/e5446eee-a811-4cd5-a16f-210d3e50ca9f.jpeg
men,T-Shirts,Starry Sky T-shirts imprimés à col rond,19.99,50,15,10,0,,White,Black,https://imgaz1.chiccdn.com/thumb/view/oaupload/newchic/images/06/52/0cc0b07f-42b8-415a-b9a8-d943f54529d8.jpeg
men,T-Shirts,T-shirts à manches courtes avec slogan,16.49,27,139.5,93,0,,Black,White,https://imgaz1.chiccdn.com/thumb/view/oaupload/newchic/images/EF/5B/c5a48192-f9fd-45c4-81b6-148a81c86abe.jpg
men,Overcoats,Manteau en fausse fourrure pour homme,91.99,43,192,128,0,,marron,,https://imgaz1.chiccdn.com/thumb/view/oaupload/newchic/images/2C/DF/b9750369-9996-489e-bc62-276550d3dd6e.jpg
men,Pantalons,Pantalon cargo couture pour homme décontracté,58.79,37,85.5,57,0,,Noir,armée verte,https://imgaz1.chiccdn.com/thumb/view/oaupload/newchic/images/85/AC/79b128e4-19be-42fd-9c6c-ea9b6e258a0c.jpg
men,Gilets,Les hommes épaississent le gilet chaud,27.29,32,82.5,55,0,,Gris,Noir,https://imgaz1.chiccdn.com/thumb/view/oaupload/newchic/images/10/E6/650a2d75-4a34-4281-88eb-0314ca5ea534.jpg
men,Boxers,Boxer sport respirant en mesh,10.07,41,55.5,37,0,,White,Black,https://imgaz1.chiccdn.com/thumb/view/oaupload/newchic/images/F3/1E/2ef33be5-c3f9-4dc1-b2ed-2ce2d7a7d76b.jpg
men,Shirts,Plus Chemises hawaïennes de taille,42.89,30,67.5,45,0,,Comme le montre l&#39;image,,https://imgaz1.chiccdn.com/thumb/view/oaupload/newchic/images/D8/29/869cff99-a641-4067-a04a-413bc78a3117.jpg
men,T-Shirts,T-shirts en coton à motif spatial,17.99,50,16.5,11,0,,blanc,Noir,https://imgaz1.chiccdn.com/thumb/view/oaupload/newchic/images/FE/4B/6f6f7ff0-083d-49a9-9782-c885e34665c2.JPG
men,T-Shirts,T-shirts à col rond imprimés pour chiens de dessin animé,17.99,50,1.5,1,0,,White,Red,https://imgaz1.chiccdn.com/thumb/view/oaupload/newchic/images/D8/92/916761bb-3097-4c8d-bce1-a05200f0afb6.jpeg
men,T-Shirts,T-shirts respirants en lin de couleur unie,19.99,50,6,4,0,,White,Black,https://imgaz1.chiccdn.com/thumb/view/oaupload/newchic/images/30/C7/3a5de0fc-95d8-4c1b-b6f0-ea82fbb45225.jpg
men,Cardigans,Manteau d'hiver tricoté chaud pour homme,46.99,47,39,26,0,,Red,Black,https://imgaz1.chiccdn.com/thumb/view/oaupload/ser1/newchic/images/A0/B5/5208c158-3ce0-415a-bcbd-8fc799d21b1c.jpeg
men,Boxers,Caleçon boxeur en coton rembourré,20.55,43,69,46,0,,White,Black,https://imgaz1.chiccdn.com/thumb/view/oaupload/ser1/newchic/images/6E/C5/9c557c9f-c3c5-4d8b-8311-24d82a505cf6.jpg
men,Shirts,Chemises de travail en coton respirant,47.29,34,87,58,0,,,,https://imgaz1.chiccdn.com/thumb/view/oaupload/newchic/images/36/DF/09f9317e-d28a-4533-a798-fa7c472200e3.jpg
men,Shorts de bain,Short de planche ample à séchage rapide,21.27,27,84,56,0,SEOBEAN,vert,rouge,https://imgaz1.chiccdn.com/thumb/view/oaupload/newchic/images/5B/01/997a11d2-8b77-409c-9fca-945a6b8673fb.jpg
men,Pantalons,Pantalon droit en lin de style chinois,49.34,36,85.5,57,0,,kaki,Gris,https://imgaz1.chiccdn.com/thumb/view/oaupload/newchic/images/CB/08/b3d35725-ecfd-426f-8ab9-f72ecb6f3319.jpg
men,Pantalons,US S-6XL Pantalon de sport de plein air à séchage rapide,59.84,37,66,44,0,,Marine,Kaki gris,https://imgaz1.chiccdn.com/thumb/view/oaupload/yoins/images/A6/8C/dbba8f08-406c-4523-beec-5c07c351ddef.jpeg
men,Shirts,T-shirts en coton à étoiles,34.09,33,223.5,149,0,,blanc,Noir,https://imgaz1.chiccdn.com/thumb/view/oaupload/newchic/images/D6/82/828cd8a8-4b04-483d-bed8-70da0d766462.jpg
men,Shirts,Chemise de pulvérisation de tournesol de vacances,24.14,40,154.5,103,0,ChArmkpR,Yellow,,https://imgaz1.chiccdn.com/thumb/view/oaupload/newchic/images/56/62/c3d42957-ee9d-4f6c-b04c-96a90c358b96.jpg
men,Shirts,Bluff - Chemises de poche poitrine à imprimé visage de bébé,19.99,47,55.5,37,0,,#01,,https://imgaz1.chiccdn.com/thumb/view/oaupload/newchic/images/8F/41/7420ad3c-e2e5-4108-b706-20eb167c0d0e.jpeg
men,T-Shirts,T-shirt 100% coton à imprimé mécanique,17.99,47,24,16,0,,White,Black,https://imgaz1.chiccdn.com/thumb/view/oaupload/newchic/images/3E/53/24e8fc2c-fdf5-4967-9629-eddd044336af.jpg
men,Shirts,Chemises à manches courtes imprimées de graffitis géométriques,21.99,52,79.5,53,0,,Blue,,https://imgaz1.chiccdn.com/thumb/view/oaupload/newchic/images/90/F5/d86aff1a-805a-485b-b985-d3e72d69b722.jpg
men,T-Shirts,T-shirt ample imprimé soleil des fêtes et cocotier,19.99,50,22.5,15,0,,blanc,kaki,https://imgaz1.chiccdn.com/thumb/view/oaupload/newchic/images/5F/C3/8a639eb5-d10b-4202-bf19-83133af5223f.jpg
men,Shirts,Chemises à imprimé graffiti,21.99,50,21,14,0,,blanc,,https://imgaz1.chiccdn.com/thumb/view/oaupload/newchic/images/08/99/bd01a3b3-db15-4d89-a6ae-1d86d98f25ea.jpg
men,T-Shirts,T-shirts décontractés sexy à col en V profond,27.29,33,211.5,141,0,,Noir,Bleu,https://imgaz1.chiccdn.com/thumb/view/oaupload/newchic/images/BA/27/0d7b3099-9f8d-4db6-a175-f96d01dd10bb.jpg
men,Bas,Pantalon sport mince à la taille et à séchage rapide,40.94,33,45,30,0,,Gris foncé,Gris clair,https://imgaz1.chiccdn.com/thumb/view/oaupload/newchic/images/A3/2C/f614271a-c121-4fce-9112-2e9aec29a341.jpg
men,Bas,PRO Pantalon de sport skinny respirant à séchage rapide,40.94,34,45,30,0,,Noir,Gris,https://imgaz1.chiccdn.com/thumb/view/oaupload/newchic/images/63/EC/a6f4dea8-3ec3-4a2f-8efa-0c68bdc2e97a.jpg
men,Shirts,Chemise à manches longues en spandex à rayures pour hommes Bronzage Zebra,38.99,36,193.5,129,0,,Noir,rouge,https://imgaz1.chiccdn.com/thumb/view/oaupload/newchic/images/C3/CB/41649a79-2eb2-4b5c-ba23-cbe2bbd65b3b.jpg
men,Bas,Collant décontracté respirant à séchage rapide et patchwork,24.14,37,61.5,41,0,,Bleu,Gris,https://imgaz1.chiccdn.com/thumb/view/oaupload/newchic/images/2A/64/f0968dec-cf42-496c-9621-0425c41c01f7.jpg
men,Pantalons,Pantalon cargo camouflage en plein air 100% coton ,65.09,40,106.5,71,0,,# 01,# 02,https://imgaz1.chiccdn.com/thumb/view/oaupload/newchic/images/0D/F5/cf03753a-ca29-4376-8c4a-69689c8cd019.jpg
men,Overcoats,Gilet chaud épaissi d'hiver en fausse fourrure,58.79,38,207,138,0,,Comme le montre l&#39;image,,https://imgaz1.chiccdn.com/thumb/view/oaupload/newchic/images/76/C5/69f5b518-5b16-4482-8ce8-4bd5d951df1b.jpg
men,Bas, Pantalon décontracté sport doublé polaire et sportif,40.94,34,49.5,33,0,,Noir,Gris foncé,https://imgaz1.chiccdn.com/thumb/view/oaupload/newchic/images/2E/B8/fc6cac06-3858-4dc8-8ee6-5dfbec9a949e.jpg
men,Shirts,Chemises à manches courtes à imprimé rose classique,28.59,31,52.5,35,0,,White,Black,https://imgaz1.chiccdn.com/thumb/view/oaupload/newchic/images/56/0E/22f26d6e-89a5-4794-85c9-f04bc82f90e7.jpeg
men,Shirts,Chemises à col à revers imprimé voiture,23.99,50,3,2,0,,Green,Purple,https://imgaz1.chiccdn.com/thumb/view/oaupload/newchic/images/B8/A7/4340b999-5364-4f5c-9281-6bddb5be142b.jpeg
men,T-Shirts,T-shirt personnalisé Space Cat Printing  ,26.24,38,184.5,123,0,,# 01,,https://imgaz1.chiccdn.com/thumb/view/oaupload/newchic/images/01/BE/4dabdde9-fbc3-4e46-9032-1e683319f51a.jpg
men,Pantalons,Pantalon décontracté en coton lin à mollet-longueur,44.09,33,211.5,141,0,,Noir,blanc,https://imgaz1.chiccdn.com/thumb/view/oaupload/newchic/images/8F/A9/a0ab1b60-6100-4350-80e7-6e9dbc2a8356.jpg
men,Pantalons,Pantalon cargo slim à multi-poches,44.09,37,358.5,239,0,,Gris,Noir,https://imgaz1.chiccdn.com/thumb/view/oaupload/newchic/images/88/AC/eff5988c-cc3b-4eaa-a0d7-ff4b90916d03.jpg
men,Shirts,Chemise de vacances décontractée à revers imprimé Little Daisy ,18.89,44,189,126,0,ChArmkpR,Army,,https://imgaz1.chiccdn.com/thumb/view/oaupload/newchic/images/F9/88/c8affa96-249d-414e-a7aa-e676403248c1.jpg
men,T-Shirts,T-shirts de vacances à imprimé cocotiers,30.79,32,42,28,0,,White,Khaki,https://imgaz1.chiccdn.com/thumb/view/oaupload/newchic/images/11/20/e74e0ea2-b574-45db-904c-4657caea9514.JPG
men,Shirts,Chemises imprimées de feuilles de plantes tropicales,21.99,50,6,4,0,,Black,,https://imgaz1.chiccdn.com/thumb/view/oaupload/newchic/images/E4/E7/09752c1a-d55a-47c6-9e0b-50f5e464cc27.jpg
men,Shirts,Chemises à imprimé de plage Plant & Leaf,23.99,50,4.5,3,0,,Bleu,,https://imgaz1.chiccdn.com/thumb/view/oaupload/newchic/images/A6/F0/6be32d59-b7ab-4d05-b70c-f7a5caa910e3.jpg
men,T-Shirts,T-shirts à motif camouflage,17.99,50,9,6,0,,blanc,Noir,https://imgaz1.chiccdn.com/thumb/view/oaupload/newchic/images/55/A5/986acfc6-c4f1-486a-8271-232c906780ff.jpg
men,T-Shirts,T-shirts amples à imprimé tigre 3D,17.99,50,7.5,5,0,,Jaune,,https://imgaz1.chiccdn.com/thumb/view/oaupload/newchic/images/42/A3/f00a1b15-cd7e-48b8-b3eb-c3aeb34ed33d.jpg
men,T-Shirts,T-shirts décontractés imprimés de chat de bande dessinée,16.19,55,3,2,0,,White,Black,https://imgaz1.chiccdn.com/thumb/view/oaupload/newchic/images/C9/82/76f5d779-c949-4e57-b5c2-5d43997de7e1.jpg
men,Pantalons,Pantalon de broderie en lin de style chinois,37.39,34,60,40,0,,Navy,Khaki,https://imgaz1.chiccdn.com/thumb/view/oaupload/ser1/newchic/images/84/2F/e1af0728-c8ed-4ff1-aac0-b9939b4b2cfc.jpg
men,Shorts de bain,Maillot de bain à poches multiples,15.99,0,13.5,9,0,,rouge,Gris,https://imgaz1.chiccdn.com/thumb/view/oaupload/newchic/images/F4/0B/96edf2e6-e10c-4099-85ef-39fddf0e429d.jpg
men,Shirts,Chemise à manches longues homme,31.89,28,142.5,95,0,,blanc,Bleu clair,https://imgaz1.chiccdn.com/thumb/view/oaupload/newchic/images/3C/D1/ed7e15ce-ebe7-4163-980a-d80e239e5e30.jpg
men,Shirts,Chemise à imprimé pour homme,45.09,28,217.5,145,0,,Noir,Bleu,https://imgaz1.chiccdn.com/thumb/view/oaupload/newchic/images/92/43/4c80629b-1841-4595-ad1d-cc6f69ae2308.jpg
men,Shirts,Créateurs 3D Pokers Printing Designer Shirts,29.69,28,66,44,0,,Noir,,https://imgaz1.chiccdn.com/thumb/view/oaupload/newchic/images/B8/3B/38068a52-9852-4da7-bd4a-06e2e0989690.jpg
men,Boxers & Slips de bain,Mini short de bain patchwork,27.99,46,88.5,59,0,,rouge,café,https://imgaz1.chiccdn.com/thumb/view/oaupload/newchic/images/D8/2E/5cdba967-5b36-474d-952e-399127446447.jpg
men,Gilets,Veste décontractée à multi-poches de plein air,45.09,26,126,84,0,,Bleu,,https://imgaz1.chiccdn.com/thumb/view/oaupload/newchic/images/FE/B9/d5f4f58a-c7fd-4091-b171-97b99a318646.jpg
men,Vestes,Mens Cool Vintage Bomber Airforce Vestes,50.59,33,49.5,33,0,,Khaki,Black,https://imgaz1.chiccdn.com/thumb/view/oaupload/ser1/newchic/images/90/37/6f7f3ae3-eecb-4d9d-abae-50b470a234cf.jpg
men,Doudounes & Parkas,Plus Taille Camo Down Pad Jacket,79.19,46,97.5,65,0,,Camo Noir,armée verte,https://imgaz1.chiccdn.com/thumb/view/oaupload/newchic/images/F5/6B/ac6aa629-b5c1-4034-aaa5-dc90ac2ea1be.jpg
men,Hoodies,Sweat à capuche décontracté pour homme avec cordon de serrage,32.99,28,88.5,59,0,,Noir,Gris foncé,https://imgaz1.chiccdn.com/thumb/view/oaupload/newchic/images/5C/CE/2068b757-3964-45a8-87ad-f188f736b4ac.jpg
men,Suit Jackets,Blazer de revers d'étape de club de banquet de mariage ,46.19,42,79.5,53,0,,blanc,Noir,https://imgaz1.chiccdn.com/thumb/view/oaupload/newchic/images/16/8B/7bb04df2-35fe-416f-a433-0ab00b69b6e7.jpg
men,Shirts,Chemise ethnique à imprimé stytle,46.99,37,184.5,123,0,,Marine,Jaune,https://imgaz1.chiccdn.com/thumb/view/oaupload/newchic/images/F4/10/83df927b-7ec6-447c-a969-52c4f77a1b11.jpg
men,Shirts,Chemise Décontractée Business En Couleur Solide A Imprimé Avec Manches Longues A Grande Taille Pour Homme,30.79,32,286.5,191,0,,rouge,Bleu,https://imgaz1.chiccdn.com/thumb/view/oaupload/yoins/images/62/69/7bc08079-2fd8-4d7e-8976-5ce0cd6e0f66.jpeg
kids,Sandals,Unisexe Kids Comfy antidérapant jardin chaussures de sabot d'eau de jardin,6.99,46,90,60,0,,Yellow,Green,https://imgaz1.chiccdn.com/thumb/view/oaupload/newchic/images/75/34/6802aef2-ca27-43c3-916e-9e1b247c74db.jpg
kids,Chaussures pour garçon,Sandales de plage légères pour garçon,12.45,43,237,158,0,,vert,Bleu,https://imgaz1.chiccdn.com/thumb/view/oaupload/newchic/images/CA/7E/a18ba779-63c0-433b-b1fa-5ea22e10d7e0.jpg
kids,Robes,Girls Unicorn Rainbow Stripe Print Short-sleeved Casual Dress For 3-8Y,19.99,50,63,42,0,,Pink,Gray,https://imgaz1.chiccdn.com/thumb/view/oaupload/newchic/images/70/AC/cf8ca027-113c-4471-9ec2-3766468ee7af.jpg
kids,Costumes pour bébé,18pcs nouveau-né baby shower coffret pour 0-6m,45.12,60,525,350,0,,Jaune,Rose,https://imgaz1.chiccdn.com/thumb/view/oaupload/newchic/images/C4/1C/78d9d643-9016-4f8d-bac6-9429ca92684b.jpg
kids,Pantalons & Jupes,Combinaison dos nu fille pour 3Y-11Y,20.05,60,1029,686,0,,Gris foncé,,https://imgaz1.chiccdn.com/thumb/view/oaupload/newchic/images/82/DF/ba8e4236-58a1-48dd-b9f0-b19033e45c8b.jpg
kids,Pantalons & Jupes,Combinaison à fleurs Bohème pour filles,24.06,60,1000.5,667,0,,Orange,,https://imgaz1.chiccdn.com/thumb/view/oaupload/newchic/images/6F/0A/98109920-bc9a-4d12-a4b2-7c6d0970cbb6.jpg
kids,Robes,Robe de fleur de princesse fille 2PCs pour 1-7Y,32.09,60,256.5,171,0,,Blue,Wine Red,https://imgaz1.chiccdn.com/thumb/view/oaupload/ser1/newchic/images/90/A7/b5ea36fb-c124-496c-89dd-933d12d51625.jpg
kids,Robes,Filles Robe Grise Plissée Pour 4Y-15Y,49.14,60,1128,752,0,,Rose,,https://imgaz1.chiccdn.com/thumb/view/oaupload/newchic/images/26/10/117b0972-0658-453f-a141-3b059c9e4c1d.jpg
kids,Robes,Filles Sling Sun Print Dress mignon pour 2-9Y,15.03,60,394.5,263,0,,Yellow,,https://imgaz1.chiccdn.com/thumb/view/oaupload/newchic/images/18/03/0c6e99b1-c67d-43bb-9cc5-7f6422e09cc9.jpg
kids,Robes,Robe mère-fille fleurie assortie,23.99,40,156,104,0,,,,https://imgaz1.chiccdn.com/thumb/view/oaupload/newchic/images/05/B5/e9d63ee4-cb58-410b-a5ed-d78eaf496071.jpg
kids,Salopettes & Combinaisons,Barboteuses d'impression de bande dessinée de bébé pour 0-18M,18.04,60,133.5,89,0,,#01,#02,https://imgaz1.chiccdn.com/thumb/view/oaupload/ser1/newchic/images/28/9D/decbd813-c0ee-40bd-bfc3-cca29559e09d.jpg
kids,Pantalons & Jupes,Combinaisons Dot Design Girls pour 2Y-11Y,26.07,60,1567.5,1045,0,,Noir,,https://imgaz1.chiccdn.com/thumb/view/oaupload/newchic/images/6C/20/17ae0180-48e8-4d12-9485-8846486e1f8b.jpg
kids,Maillots de bain,Ensemble de maillots de bain 3 pièces pour fille de 4ans - 13ans,24.06,60,643.5,429,0,,Bleu ciel,vert,https://imgaz1.chiccdn.com/thumb/view/oaupload/newchic/images/04/DD/24b24e9c-39c7-4620-94dd-c4f91be6d653.jpg
kids,Coutumes & Co-ords,Ensembles de vêtements pour tout-petits garçons pour 3-11 ans,23.06,60,796.5,531,0,,Noir,,https://imgaz1.chiccdn.com/thumb/view/oaupload/newchic/images/EF/9E/50bd5196-e6c6-4501-98a6-7e0a663840fb.jpg
kids,Tops & T-shirt,T-shirt garçon imprimé crocodile pour 2-8 ans,9.49,50,45,30,0,,Dark Blue,,https://imgaz1.chiccdn.com/thumb/view/oaupload/newchic/images/B7/92/f811284a-b5cc-408d-aec8-72da285ea60d.jpg
kids,Brassières de grossesse,Brassière de grossesse en coton souple respirante,14.03,60,1741.5,1161,0,,Grey1,Coffee,https://imgaz1.chiccdn.com/thumb/view/oaupload/newchic/images/04/AE/f02bc82b-4e55-4698-94e0-e04ee0ad7ae1.jpg
kids,Robes,Robe de princesse fille licorne pour 3-13 ans,29.08,60,1465.5,977,0,,Jaune,Violet,https://imgaz1.chiccdn.com/thumb/view/oaupload/newchic/images/2A/CF/0db94595-de68-468e-8e9a-db33a6079a7f.jpg
kids,Tops & T-shirt,T-shirt d'été pour garçon dinosaure pour 2-10 ans,11.52,60,66,44,0,,Green,Blue,https://imgaz1.chiccdn.com/thumb/view/oaupload/newchic/images/96/55/10dcd6bc-21ff-497d-a693-5970a28d1083.jpg
kids,Costume & Jupe-culotte,Ensemble d'impression de tournesol pour fille pour 1-7 ans,18.49,50,109.5,73,0,,Yellow,,https://imgaz1.chiccdn.com/thumb/view/oaupload/newchic/images/8F/AC/4c759553-1fad-4b82-929b-d2735a7f17df.jpg
kids,Pyjamas,Pyjama rayé dinosaure garçon pour 1 à 7 ans,17.49,50,43.5,29,0,,Gray,,https://imgaz1.chiccdn.com/thumb/view/oaupload/newchic/images/DD/7A/662ea2a9-0bb1-42f7-9e1b-ad97d108b8e8.jpg
kids,Robes,Robe pour fille de 2-8 ans,28.07,60,903,602,0,,blanc,,https://imgaz1.chiccdn.com/thumb/view/oaupload/newchic/images/A8/B1/b53622a9-21d5-40db-a723-fd50253ed416.jpeg
kids,Flats & Loafers,Unisexe Enfants Comfy Respirant Soft Semelle Décontractée Slip On Chaussures Plates,18,56,30,20,0,,White,Red,https://imgaz1.chiccdn.com/thumb/view/oaupload/newchic/images/B9/92/48d2c82a-983c-4100-a810-0ab5f32fa474.jpg
kids,Robes,Robe à bretelles Flower Girl pour 1 à 7 ans,20.05,60,490.5,327,0,,rouge,,https://imgaz1.chiccdn.com/thumb/view/oaupload/newchic/images/C4/EC/b526836a-69cb-4e81-8770-54903e0c3d23.jpg
kids,Sandals,Unisexe Kids Classic Tie-Dye Hole Garden Water Clog Shoes,12.42,48,13.5,9,0,,Pink,White,https://imgaz1.chiccdn.com/thumb/view/oaupload/newchic/images/58/0A/e801e7a2-2b52-4e6b-b2c4-0271d45192d1.jpg
kids,Brassières de grossesse,Soutien-gorge d'allaitement maternité boutonné devant,19.05,60,499.5,333,0,,Pink,Black,https://imgaz1.chiccdn.com/thumb/view/oaupload/ser1/newchic/images/69/EF/576ae464-457c-471f-b69d-a47b4f870471.jpg
kids,Costume & Jupe-culotte,Ensemble gilet et pantalon à volants pour fille pour 1-7 ans,18.55,50,136.5,91,0,,Blue,,https://imgaz1.chiccdn.com/thumb/view/oaupload/newchic/images/D8/6E/475d5c13-b4e7-472f-b7d8-bf345eb1aaa2.jpg
kids,Brassières de grossesse,Soutien-gorge d'allaitement maternité confortable,14.03,60,487.5,325,0,,Rose,Nu,https://imgaz1.chiccdn.com/thumb/view/oaupload/newchic/images/9C/A5/1996e026-7288-4be8-aa7d-2086f6bbe4a4.JPG
kids,Salopettes & Combinaisons,Gigoteuse chaude et velours pour 0-24M,21.05,60,477,318,0,,White,,https://imgaz1.chiccdn.com/thumb/view/oaupload/newchic/images/9C/79/29cf0ec8-56f3-4ff2-ab21-ef1c023e00d1.jpg
kids,Robes,Soft Robe de fillette en coton 2Y-11Y,27.07,60,624,416,0,,gris,Marine,https://imgaz1.chiccdn.com/thumb/view/oaupload/newchic/images/26/E0/3a8ccd61-46db-4b68-8e22-8593cf1f7b51.jpg
kids,Chaussures pour garçon,Chaussures causales à boucles à crochets respirantes unisexe,30.49,40,663,442,0,,Bleu foncé,rouge,https://imgaz1.chiccdn.com/thumb/view/oaupload/newchic/images/2E/17/cc190f21-e64e-4070-b813-f0657a7448d6.jpg
kids,Tops,T-shirt à 3D imprimé pour enfant de 1-9 ans,17.04,60,634.5,423,0,,1,2,https://imgaz1.chiccdn.com/thumb/view/oaupload/newchic/images/6C/CB/28b3a50c-3d96-464c-b37a-162215b3557c.jpg
kids,Costume & Jupe-culotte,Ensembles de vêtements floraux pour 2-9 ans,22.06,60,966,644,0,,Rose,Bleu,https://imgaz1.chiccdn.com/thumb/view/oaupload/newchic/images/32/77/26f5c160-4191-46b5-aad2-c3693beba4af.jpg
kids,Brassières de grossesse,Brassière de grossesse,10.02,60,3222,2148,0,,blanc,Rose,https://imgaz1.chiccdn.com/thumb/view/oaupload/newchic/images/C9/8B/12517c3c-61fc-43b2-a789-319f4c214541.jpg
kids,Robes,Flower Girls Casual Dress Pour 2-11Y         ,22.06,60,349.5,233,0,,blanc,Bleu marin,https://imgaz1.chiccdn.com/thumb/view/oaupload/newchic/images/75/04/922063a4-ff1a-4016-919d-eafdcd92a177.jpg
kids,Pantalons,Short de sport pour garçon animalier pour 2Y-11Y,25.06,60,282,188,0,,blanc,Jaune,https://imgaz1.chiccdn.com/thumb/view/oaupload/newchic/images/36/4D/a14eb7b5-1035-44bb-8be8-bd662828e47f.jpg
kids,Robes,Robe de dessin animé pour fille de 2-9 ans,19.05,60,927,618,0,,Long Sleeve,Short Sleeve,https://imgaz1.chiccdn.com/thumb/view/oaupload/newchic/images/CD/DB/5f32b25b-bc06-4154-91a2-7ce39055409a.jpg
kids,Robes,Robe à volants à fleurs bleues pour fille 3-10 ans,17.99,50,45,30,0,,As Picture,,https://imgaz1.chiccdn.com/thumb/view/oaupload/newchic/images/D6/39/5f48131c-f1f8-4eae-ad40-bf6281d19321.jpg
kids,Robes,Princesse Layered Girls Dress Pour 3Y-11Y,33.38,60,574.5,383,0,,Violet,Rose,https://imgaz1.chiccdn.com/thumb/view/oaupload/newchic/images/11/FA/0be1ecf4-06de-4e35-ba83-c33dfccebb79.jpg
kids,Blousons & Vestes,Manteau Trench Imperméable pour Enfant Garçon Fille,29.08,60,1411.5,941,0,,Noir,Bleu foncé,https://imgaz1.chiccdn.com/thumb/view/oaupload/newchic/images/AB/13/4107ca3e-e409-45e5-91c8-edb44d14fe56.jpg
kids,Robes,Casual Robe imprimée à col en V pour 4-15Y,21.05,60,364.5,243,0,,Jaune,Noir,https://imgaz1.chiccdn.com/thumb/view/oaupload/newchic/images/56/32/e0240399-6a46-48c7-83c5-839440313ab3.jpg
kids,Robes,Fleur filles robe en mousseline de soie pour 4Y-15Y,23.06,60,1434,956,0,,blanc,Jaune,https://imgaz1.chiccdn.com/thumb/view/oaupload/newchic/images/D0/38/9a59f896-a522-408c-935d-b534259b8f20.jpg
kids,Robes,Vintage filles lâche robe pour 4-15 ans,25.06,60,424.5,283,0,,Comme image,,https://imgaz1.chiccdn.com/thumb/view/oaupload/newchic/images/BB/36/c8cc7225-68b8-43dc-aae6-01d58413f839.jpg
kids,Chaussures pour fille,Filles toile dessin animé belles chaussures de sport,24.49,45,460.5,307,0,,blanc,Bleu foncé,https://imgaz1.chiccdn.com/thumb/view/oaupload/newchic/images/E9/80/fe1c509c-4cf6-4aef-8f60-8e3a87c68ae0.jpg
kids,Costume & Jupe-culotte,Panda Pattern Girls Ensembles décontractés pour 3-11Y,24.53,60,645,430,0,,blanc,,https://imgaz1.chiccdn.com/thumb/view/oaupload/newchic/images/28/75/7b8e9234-b3a5-4f22-aa6f-1df6b57970f8.jpg
kids,Coutumes & Co-ords,Ensembles de shorts en lin et coton pour garçons 2-7 ans,22.06,60,663,442,0,,Gris,Jaune,https://imgaz1.chiccdn.com/thumb/view/oaupload/newchic/images/C7/39/d255b288-79dc-4b82-a2e8-5a905ad251d9.jpg
kids,Costume & Jupe-culotte,Ensemble à carreaux à volants pour fille pour 1-7 ans,16.54,60,61.5,41,0,,White,,https://imgaz1.chiccdn.com/thumb/view/oaupload/newchic/images/00/DA/10d1572d-3e67-42f2-84d4-a0e0c8714e0e.jpg
kids,Salopettes & Combinaisons,Barboteuse en denim de dessin animé pour 0-24 mois,27.07,60,625.5,417,0,,Bleu,Bleu foncé,https://imgaz1.chiccdn.com/thumb/view/oaupload/newchic/images/35/A5/bbd16851-b4b2-4132-ac2b-f7b6ae0fbaab.jpg
kids,Robes,Robe à imprimé papillon pour fille pour 2-8 ans,17.99,50,30,20,0,,blanc,,https://imgaz1.chiccdn.com/thumb/view/oaupload/newchic/images/76/9F/011ef5bd-0aa1-4170-b215-94b5efa784f9.jpg
kids,Robes,Robe de princesse pour filles à gros nœud pour 1Y-7Y,31.08,60,706.5,471,0,,blanc,rouge,https://imgaz1.chiccdn.com/thumb/view/oaupload/newchic/images/A4/86/389252c3-a6b1-4de5-894f-c0b8cfbe3b10.jpg
kids,Chaussures pour fille,Chaussures de loisirs pour filles avec crochet en maille,15.1,43,817.5,545,0,,blanc,vert,https://imgaz1.chiccdn.com/thumb/view/oaupload/newchic/images/B4/E5/6d8e6a79-3357-4289-b74d-fa83eb424a57.png
kids,Coutumes & Co-ords,Ensembles de vêtements pour garçons de loisirs pour 2Y-7Y,23.06,60,535.5,357,0,,Vert clair,Orange,https://imgaz1.chiccdn.com/thumb/view/oaupload/newchic/images/A7/5A/6852d6fc-1e47-4993-8efb-420e12f8f9e9.jpg
kids,Sandals,Sandales d'eau à bout fermé à séchage rapide pour enfants unisexe,16.2,50,67.5,45,0,,Dark Blue,Green,https://imgaz1.chiccdn.com/thumb/view/oaupload/newchic/images/F4/F0/a72f7113-7b4a-4677-84f4-d6b4466a40f3.jpg
kids,Sandals,Unisexe Kids Comfy antidérapant jardin chaussures de sabot d'eau de jardin,6.99,46,90,60,0,,Yellow,Green,https://imgaz1.chiccdn.com/thumb/view/oaupload/newchic/images/75/34/6802aef2-ca27-43c3-916e-9e1b247c74db.jpg
kids,Chaussures pour garçon,Sandales de plage légères pour garçon,12.45,43,237,158,0,,vert,Bleu,https://imgaz1.chiccdn.com/thumb/view/oaupload/newchic/images/CA/7E/a18ba779-63c0-433b-b1fa-5ea22e10d7e0.jpg
kids,Robes,Girls Unicorn Rainbow Stripe Print Short-sleeved Casual Dress For 3-8Y,19.99,50,63,42,0,,Pink,Gray,https://imgaz1.chiccdn.com/thumb/view/oaupload/newchic/images/70/AC/cf8ca027-113c-4471-9ec2-3766468ee7af.jpg
kids,Brassières de grossesse,Soutien-gorge d'allaitement sans fil anti-affaissement en dentelle,10.02,60,1830,1220,0,,Noir,Rose,https://imgaz1.chiccdn.com/thumb/view/oaupload/newchic/images/CB/47/b00a9774-89bc-40f1-ac58-18556aa40c35.jpg
kids,Costumes pour bébé,18pcs nouveau-né baby shower coffret pour 0-6m,45.12,60,525,350,0,,Jaune,Rose,https://imgaz1.chiccdn.com/thumb/view/oaupload/newchic/images/C4/1C/78d9d643-9016-4f8d-bac6-9429ca92684b.jpg
kids,Pantalons & Jupes,Combinaison dos nu fille pour 3Y-11Y,20.05,60,1029,686,0,,Gris foncé,,https://imgaz1.chiccdn.com/thumb/view/oaupload/newchic/images/82/DF/ba8e4236-58a1-48dd-b9f0-b19033e45c8b.jpg
kids,Brassières de grossesse,Brassière de grossesse en couleur pure,15.03,60,477,318,0,,Rose,Beige,https://imgaz1.chiccdn.com/thumb/view/oaupload/newchic/images/11/EF/b4f2b033-c426-41c2-9b2d-d07b371e943b.jpg
kids,Pantalons & Jupes,Combinaison à fleurs Bohème pour filles,24.06,60,1000.5,667,0,,Orange,,https://imgaz1.chiccdn.com/thumb/view/oaupload/newchic/images/6F/0A/98109920-bc9a-4d12-a4b2-7c6d0970cbb6.jpg
kids,Robes,Robe de fleur de princesse fille 2PCs pour 1-7Y,32.09,60,256.5,171,0,,Blue,Wine Red,https://imgaz1.chiccdn.com/thumb/view/oaupload/ser1/newchic/images/90/A7/b5ea36fb-c124-496c-89dd-933d12d51625.jpg
kids,Robes,Filles Robe Grise Plissée Pour 4Y-15Y,49.14,60,1128,752,0,,Rose,,https://imgaz1.chiccdn.com/thumb/view/oaupload/newchic/images/26/10/117b0972-0658-453f-a141-3b059c9e4c1d.jpg
kids,Robes,Filles Sling Sun Print Dress mignon pour 2-9Y,15.03,60,394.5,263,0,,Yellow,,https://imgaz1.chiccdn.com/thumb/view/oaupload/newchic/images/18/03/0c6e99b1-c67d-43bb-9cc5-7f6422e09cc9.jpg
kids,Robes,Robe mère-fille fleurie assortie,23.99,40,156,104,0,,,,https://imgaz1.chiccdn.com/thumb/view/oaupload/newchic/images/05/B5/e9d63ee4-cb58-410b-a5ed-d78eaf496071.jpg
kids,Salopettes & Combinaisons,Barboteuses d'impression de bande dessinée de bébé pour 0-18M,18.04,60,133.5,89,0,,#01,#02,https://imgaz1.chiccdn.com/thumb/view/oaupload/ser1/newchic/images/28/9D/decbd813-c0ee-40bd-bfc3-cca29559e09d.jpg
kids,Pantalons & Jupes,Combinaisons Dot Design Girls pour 2Y-11Y,26.07,60,1567.5,1045,0,,Noir,,https://imgaz1.chiccdn.com/thumb/view/oaupload/newchic/images/6C/20/17ae0180-48e8-4d12-9485-8846486e1f8b.jpg
kids,Maillots de bain,Ensemble de maillots de bain 3 pièces pour fille de 4ans - 13ans,24.06,60,643.5,429,0,,Bleu ciel,vert,https://imgaz1.chiccdn.com/thumb/view/oaupload/newchic/images/04/DD/24b24e9c-39c7-4620-94dd-c4f91be6d653.jpg
kids,Coutumes & Co-ords,Ensembles de vêtements pour tout-petits garçons pour 3-11 ans,23.06,60,796.5,531,0,,Noir,,https://imgaz1.chiccdn.com/thumb/view/oaupload/newchic/images/EF/9E/50bd5196-e6c6-4501-98a6-7e0a663840fb.jpg
kids,Tops & T-shirt,T-shirt garçon imprimé crocodile pour 2-8 ans,9.49,50,45,30,0,,Dark Blue,,https://imgaz1.chiccdn.com/thumb/view/oaupload/newchic/images/B7/92/f811284a-b5cc-408d-aec8-72da285ea60d.jpg
kids,Brassières de grossesse,Brassière de grossesse en coton souple respirante,14.03,60,1741.5,1161,0,,Grey1,Coffee,https://imgaz1.chiccdn.com/thumb/view/oaupload/newchic/images/04/AE/f02bc82b-4e55-4698-94e0-e04ee0ad7ae1.jpg
kids,Robes,Robe de princesse fille licorne pour 3-13 ans,29.08,60,1465.5,977,0,,Jaune,Violet,https://imgaz1.chiccdn.com/thumb/view/oaupload/newchic/images/2A/CF/0db94595-de68-468e-8e9a-db33a6079a7f.jpg
kids,Tops & T-shirt,T-shirt d'été pour garçon dinosaure pour 2-10 ans,11.52,60,66,44,0,,Green,Blue,https://imgaz1.chiccdn.com/thumb/view/oaupload/newchic/images/96/55/10dcd6bc-21ff-497d-a693-5970a28d1083.jpg
kids,Costume & Jupe-culotte,Ensemble d'impression de tournesol pour fille pour 1-7 ans,18.49,50,109.5,73,0,,Yellow,,https://imgaz1.chiccdn.com/thumb/view/oaupload/newchic/images/8F/AC/4c759553-1fad-4b82-929b-d2735a7f17df.jpg
kids,Pyjamas,Pyjama rayé dinosaure garçon pour 1 à 7 ans,17.49,50,43.5,29,0,,Gray,,https://imgaz1.chiccdn.com/thumb/view/oaupload/newchic/images/DD/7A/662ea2a9-0bb1-42f7-9e1b-ad97d108b8e8.jpg
kids,Robes,Robe pour fille de 2-8 ans,28.07,60,903,602,0,,blanc,,https://imgaz1.chiccdn.com/thumb/view/oaupload/newchic/images/A8/B1/b53622a9-21d5-40db-a723-fd50253ed416.jpeg
kids,Flats & Loafers,Unisexe Enfants Comfy Respirant Soft Semelle Décontractée Slip On Chaussures Plates,18,56,30,20,0,,White,Red,https://imgaz1.chiccdn.com/thumb/view/oaupload/newchic/images/B9/92/48d2c82a-983c-4100-a810-0ab5f32fa474.jpg
kids,Robes,Robe à bretelles Flower Girl pour 1 à 7 ans,20.05,60,490.5,327,0,,rouge,,https://imgaz1.chiccdn.com/thumb/view/oaupload/newchic/images/C4/EC/b526836a-69cb-4e81-8770-54903e0c3d23.jpg
kids,Sandals,Unisexe Kids Classic Tie-Dye Hole Garden Water Clog Shoes,12.42,48,13.5,9,0,,Pink,White,https://imgaz1.chiccdn.com/thumb/view/oaupload/newchic/images/58/0A/e801e7a2-2b52-4e6b-b2c4-0271d45192d1.jpg
kids,Brassières de grossesse,Soutien-gorge d'allaitement maternité boutonné devant,19.05,60,499.5,333,0,,Pink,Black,https://imgaz1.chiccdn.com/thumb/view/oaupload/ser1/newchic/images/69/EF/576ae464-457c-471f-b69d-a47b4f870471.jpg
kids,Costume & Jupe-culotte,Ensemble gilet et pantalon à volants pour fille pour 1-7 ans,18.55,50,136.5,91,0,,Blue,,https://imgaz1.chiccdn.com/thumb/view/oaupload/newchic/images/D8/6E/475d5c13-b4e7-472f-b7d8-bf345eb1aaa2.jpg
kids,Brassières de grossesse,Soutien-gorge d'allaitement maternité confortable,14.03,60,487.5,325,0,,Rose,Nu,https://imgaz1.chiccdn.com/thumb/view/oaupload/newchic/images/9C/A5/1996e026-7288-4be8-aa7d-2086f6bbe4a4.JPG
kids,Salopettes & Combinaisons,Gigoteuse chaude et velours pour 0-24M,21.05,60,477,318,0,,White,,https://imgaz1.chiccdn.com/thumb/view/oaupload/newchic/images/9C/79/29cf0ec8-56f3-4ff2-ab21-ef1c023e00d1.jpg
kids,Robes,Soft Robe de fillette en coton 2Y-11Y,27.07,60,624,416,0,,gris,Marine,https://imgaz1.chiccdn.com/thumb/view/oaupload/newchic/images/26/E0/3a8ccd61-46db-4b68-8e22-8593cf1f7b51.jpg
kids,Chaussures pour garçon,Chaussures causales à boucles à crochets respirantes unisexe,30.49,40,663,442,0,,Bleu foncé,rouge,https://imgaz1.chiccdn.com/thumb/view/oaupload/newchic/images/2E/17/cc190f21-e64e-4070-b813-f0657a7448d6.jpg
kids,Tops,T-shirt à 3D imprimé pour enfant de 1-9 ans,17.04,60,634.5,423,0,,1,2,https://imgaz1.chiccdn.com/thumb/view/oaupload/newchic/images/6C/CB/28b3a50c-3d96-464c-b37a-162215b3557c.jpg
kids,Costume & Jupe-culotte,Ensembles de vêtements floraux pour 2-9 ans,22.06,60,966,644,0,,Rose,Bleu,https://imgaz1.chiccdn.com/thumb/view/oaupload/newchic/images/32/77/26f5c160-4191-46b5-aad2-c3693beba4af.jpg
kids,Brassières de grossesse,Brassière de grossesse,10.02,60,3222,2148,0,,blanc,Rose,https://imgaz1.chiccdn.com/thumb/view/oaupload/newchic/images/C9/8B/12517c3c-61fc-43b2-a789-319f4c214541.jpg
kids,Robes,Flower Girls Casual Dress Pour 2-11Y         ,22.06,60,349.5,233,0,,blanc,Bleu marin,https://imgaz1.chiccdn.com/thumb/view/oaupload/newchic/images/75/04/922063a4-ff1a-4016-919d-eafdcd92a177.jpg
kids,Pantalons,Short de sport pour garçon animalier pour 2Y-11Y,25.06,60,282,188,0,,blanc,Jaune,https://imgaz1.chiccdn.com/thumb/view/oaupload/newchic/images/36/4D/a14eb7b5-1035-44bb-8be8-bd662828e47f.jpg
kids,Robes,Robe de dessin animé pour fille de 2-9 ans,19.05,60,927,618,0,,Long Sleeve,Short Sleeve,https://imgaz1.chiccdn.com/thumb/view/oaupload/newchic/images/CD/DB/5f32b25b-bc06-4154-91a2-7ce39055409a.jpg
kids,Robes,Robe à volants à fleurs bleues pour fille 3-10 ans,17.99,50,45,30,0,,As Picture,,https://imgaz1.chiccdn.com/thumb/view/oaupload/newchic/images/D6/39/5f48131c-f1f8-4eae-ad40-bf6281d19321.jpg
kids,Robes,Princesse Layered Girls Dress Pour 3Y-11Y,33.38,60,574.5,383,0,,Violet,Rose,https://imgaz1.chiccdn.com/thumb/view/oaupload/newchic/images/11/FA/0be1ecf4-06de-4e35-ba83-c33dfccebb79.jpg
kids,Blousons & Vestes,Manteau Trench Imperméable pour Enfant Garçon Fille,29.08,60,1411.5,941,0,,Noir,Bleu foncé,https://imgaz1.chiccdn.com/thumb/view/oaupload/newchic/images/AB/13/4107ca3e-e409-45e5-91c8-edb44d14fe56.jpg
kids,Robes,Casual Robe imprimée à col en V pour 4-15Y,21.05,60,364.5,243,0,,Jaune,Noir,https://imgaz1.chiccdn.com/thumb/view/oaupload/newchic/images/56/32/e0240399-6a46-48c7-83c5-839440313ab3.jpg
kids,Robes,Fleur filles robe en mousseline de soie pour 4Y-15Y,23.06,60,1434,956,0,,blanc,Jaune,https://imgaz1.chiccdn.com/thumb/view/oaupload/newchic/images/D0/38/9a59f896-a522-408c-935d-b534259b8f20.jpg
kids,Robes,Vintage filles lâche robe pour 4-15 ans,25.06,60,424.5,283,0,,Comme image,,https://imgaz1.chiccdn.com/thumb/view/oaupload/newchic/images/BB/36/c8cc7225-68b8-43dc-aae6-01d58413f839.jpg
kids,Chaussures pour fille,Filles toile dessin animé belles chaussures de sport,24.49,45,460.5,307,0,,blanc,Bleu foncé,https://imgaz1.chiccdn.com/thumb/view/oaupload/newchic/images/E9/80/fe1c509c-4cf6-4aef-8f60-8e3a87c68ae0.jpg
kids,Costume & Jupe-culotte,Panda Pattern Girls Ensembles décontractés pour 3-11Y,24.53,60,645,430,0,,blanc,,https://imgaz1.chiccdn.com/thumb/view/oaupload/newchic/images/28/75/7b8e9234-b3a5-4f22-aa6f-1df6b57970f8.jpg
kids,Coutumes & Co-ords,Ensembles de shorts en lin et coton pour garçons 2-7 ans,22.06,60,663,442,0,,Gris,Jaune,https://imgaz1.chiccdn.com/thumb/view/oaupload/newchic/images/C7/39/d255b288-79dc-4b82-a2e8-5a905ad251d9.jpg
kids,Costume & Jupe-culotte,Ensemble à carreaux à volants pour fille pour 1-7 ans,16.54,60,61.5,41,0,,White,,https://imgaz1.chiccdn.com/thumb/view/oaupload/newchic/images/00/DA/10d1572d-3e67-42f2-84d4-a0e0c8714e0e.jpg
kids,Salopettes & Combinaisons,Barboteuse en denim de dessin animé pour 0-24 mois,27.07,60,625.5,417,0,,Bleu,Bleu foncé,https://imgaz1.chiccdn.com/thumb/view/oaupload/newchic/images/35/A5/bbd16851-b4b2-4132-ac2b-f7b6ae0fbaab.jpg
kids,Robes,Robe à imprimé papillon pour fille pour 2-8 ans,17.99,50,30,20,0,,blanc,,https://imgaz1.chiccdn.com/thumb/view/oaupload/newchic/images/76/9F/011ef5bd-0aa1-4170-b215-94b5efa784f9.jpg
kids,Robes,Robe de princesse pour filles à gros nœud pour 1Y-7Y,31.08,60,706.5,471,0,,blanc,rouge,https://imgaz1.chiccdn.com/thumb/view/oaupload/newchic/images/A4/86/389252c3-a6b1-4de5-894f-c0b8cfbe3b10.jpg
kids,Chaussures pour fille,Chaussures de loisirs pour filles avec crochet en maille,15.1,43,817.5,545,0,,blanc,vert,https://imgaz1.chiccdn.com/thumb/view/oaupload/newchic/images/B4/E5/6d8e6a79-3357-4289-b74d-fa83eb424a57.png
kids,Coutumes & Co-ords,Ensembles de vêtements pour garçons de loisirs pour 2Y-7Y,23.06,60,535.5,357,0,,Vert clair,Orange,https://imgaz1.chiccdn.com/thumb/view/oaupload/newchic/images/A7/5A/6852d6fc-1e47-4993-8efb-420e12f8f9e9.jpg
kids,Brassières de grossesse,Soutien-gorge d'allaitement à rayures devant,21.05,60,76.5,51,0,,Violet,Marine,https://imgaz1.chiccdn.com/thumb/view/oaupload/newchic/images/AF/1A/f9d64df2-4ccf-4035-b65b-57f05a0e59f0.jpg
kids,Brassières de grossesse,Soutien-gorge de maternité imprimé sans fil,16.04,60,178.5,119,0,,Jaune,Gris,https://imgaz1.chiccdn.com/thumb/view/oaupload/newchic/images/D9/C5/86800c65-3ea1-40cd-b757-05f49a2f17bb.jpg
kids,Coutumes & Co-ords,2pcs noël garçon vêtements set 2-11y,40.11,60,435,290,0,,Bleu marin,,https://imgaz1.chiccdn.com/thumb/view/oaupload/newchic/images/37/B0/3a3c3936-23b3-4f12-aef3-aeb534b402da.jpg
kids,Tops & Tees,Chemise décontractée confortable pour femmes enceintes,22.06,60,184.5,123,0,VONDA,Bleu clair,blanc,https://imgaz1.chiccdn.com/thumb/view/oaupload/newchic/images/EF/81/60f992a3-73fe-4a22-a40b-970712311c2a.jpg
kids,Costume & Jupe-culotte,Ensemble sans manches à imprimé floral pour fille pour 2-7 ans,16.54,50,33,22,0,,As Picture,,https://imgaz1.chiccdn.com/thumb/view/oaupload/newchic/images/2A/03/94aed82f-1110-4a18-83c0-b155024cc7a4.jpg
kids,Vêtements de nuit,Baby Boys filles vêtements de nuit à manches longues,27.07,60,531,354,0,KIDS TALES,Jaune,Rose,https://imgaz1.chiccdn.com/thumb/view/oaupload/newchic/images/99/0E/864df685-174b-4520-a9ec-7b19c94d654c.jpg
kids,Maillots de bain,Swan Imprimé Maillots de bain pour filles avec un chapeau,21.05,60,324,216,0,,Rose,Rose 1,https://imgaz1.chiccdn.com/thumb/view/oaupload/newchic/images/C3/03/c19bcf45-b393-409c-b01d-92d3c5f48a3d.jpg
kids,Pyjamas,Pyjama garçon à imprimé animal pour 1-5 ans,13.49,50,18,12,0,,Yellow,,https://imgaz1.chiccdn.com/thumb/view/oaupload/newchic/images/43/21/d14d7538-d683-465e-ab0d-bbfe7b810d07.jpg
kids,Sous-vêtements de maintien de grossesse,Femme confortable amincissant taille ventre ventre,15.03,60,307.5,205,0,,Nu,,https://imgaz1.chiccdn.com/thumb/view/oaupload/newchic/images/FE/46/bd68393c-e33e-4ca2-a4da-a27ecfe6f4ea.jpg
kids,Slippers,Unisexe enfants ange ailes décor antidérapant Soft semelle mignon pantoufles,8.26,55,3,2,0,,Yellow,Blue,https://imgaz1.chiccdn.com/thumb/view/oaupload/newchic/images/E8/24/8c67205c-11e6-4885-b2f9-d05a6e5899ba.jpg
kids,Slippers,Pantoufles antidérapantes unisexe pour enfants mignons petits animaux,12.07,55,3,2,1,,Red,Yellow,https://imgaz1.chiccdn.com/thumb/view/oaupload/newchic/images/1E/25/0925fa65-7efc-4ae1-8fc2-ae04068210da.jpg
kids,Slippers,Pantoufles à la maison antidérapantes pour enfants unisexes,9.32,55,3,2,1,,Yellow,Green,https://imgaz1.chiccdn.com/thumb/view/oaupload/newchic/images/84/49/b2528f1e-a633-4311-8e6a-abe4655373c8.jpg
kids,Trainers,Baskets respirantes en dentelle élastique pour garçons,30.33,55,4.5,3,1,,Beige,Grey,https://imgaz1.chiccdn.com/thumb/view/oaupload/newchic/images/C4/CF/98949fb5-03d0-41be-84e4-0bbfd025f82b.jpg
kids,Trainers,Unisexe Enfants Soft Wide Fit Casual Chunky Sneakers,29.78,55,4.5,3,1,,Pink,Black,https://imgaz1.chiccdn.com/thumb/view/oaupload/newchic/images/C7/59/d7341873-d1c4-42bc-81e6-436df89137c0.jpg
kids,Sneakers,Unisexe Enfants Daisy Pattern Colorblock Soft Casual Sneakers,30.88,55,4.5,3,1,,Pink,Black,https://imgaz1.chiccdn.com/thumb/view/oaupload/newchic/images/2E/30/c46e4f34-6ebf-4daf-9b98-4f0f58bb5ea8.jpg
kids,Trainers,Unisexe Enfants Antidérapant Classic Blanc Baskets Chaussures,23.99,55,3,2,1,,Red,Blue,https://imgaz1.chiccdn.com/thumb/view/oaupload/newchic/images/CF/60/929505be-769f-4391-a8df-90598add27a9.jpg
kids,Sneakers,Unisexe Colorblock Soft Baskets de course antidérapantes,22.05,55,4.5,3,1,,Brown,Grey,https://imgaz1.chiccdn.com/thumb/view/oaupload/newchic/images/9C/AF/6aa5ff15-df6b-41a3-adab-dc82d5891bea.jpg
kids,Flats & Loafers,Mocassins plats de danse scolaire à lacets pour filles,23.44,55,1.5,1,1,,White,Black,https://imgaz1.chiccdn.com/thumb/view/oaupload/newchic/images/6D/BE/12fb024e-a192-42c6-a256-e708ad066bbd.jpg
kids,Trainers,Garçons Comfy Breatahble Knitted Soft Baskets de course antidérapantes,25.99,63,3,2,1,,Blue,,https://imgaz1.chiccdn.com/thumb/view/oaupload/newchic/images/CA/0F/db677b5f-2988-43bc-ac6f-4b9f7de7988d.jpg
kids,Trainers,Baskets décontractées portables en tissu maille pour garçons,25.99,63,3,2,1,,Black,Blue,https://imgaz1.chiccdn.com/thumb/view/oaupload/newchic/images/99/C4/df21a42f-36ba-4982-8070-6a42bdd76f00.jpg
kids,Maillots de bain,Ensemble de 3 pièces de maillots de bain queue de sirène pour fille de 4ans-13ans,31.99,51,396,264,0,,#1,# 2,https://imgaz1.chiccdn.com/thumb/view/oaupload/newchic/images/C2/19/903a0362-548d-40eb-b4e0-f7ec05eca478.jpg
kids,Costumes pour bébé,Barboteuse à manches longues dinosaure pour 0-24M,30.99,44,175.5,117,0,,gris,,https://imgaz1.chiccdn.com/thumb/view/oaupload/newchic/images/1A/F9/5fe57bbb-aae5-438f-bb8e-32634ee63ac0.JPG
kids,Sandals,Sandales de plage unisexe pour enfants,13.52,55,4.5,3,0,,Yellow,Pink,https://imgaz1.chiccdn.com/thumb/view/oaupload/newchic/images/8D/DF/9fcb6919-0e7f-4c85-8702-cd5a94b67bbd.jpg
kids,Sneakers,Unisexe Enfants Élastique Bande Tricoté Soft Slip On Sneakers,20.99,64,6,4,1,,Black,Blue,https://imgaz1.chiccdn.com/thumb/view/oaupload/newchic/images/02/64/c95bbd9e-ca92-43e0-ad3f-5202de69ae3a.jpg
kids,Maillots de bain,Maillot de bain à volants uni,19.55,60,37.5,25,0,,,,https://imgaz1.chiccdn.com/thumb/view/oaupload/newchic/images/FE/65/345fa7f8-273b-48fc-af3b-35a74d17a478.jpg
kids,Chaussures pour fille,Jolies chaussures plates pour filles avec cerises,17.13,50,205.5,137,0,,blanc,Noir,https://imgaz1.chiccdn.com/thumb/view/oaupload/newchic/images/68/A0/f1957f59-551e-4d63-af7e-a3f46200e461.jpg
kids,Robes,Robe de plumes à manches longues pour filles 4-15Y,25.99,41,93,62,0,,blanc,Rose,https://imgaz1.chiccdn.com/thumb/view/oaupload/newchic/images/9E/C0/446991ff-2c37-4337-80ca-78d63145403b.jpg
kids,Brassières de grossesse,Soutien-gorge confortable sans fil,21.05,60,106.5,71,0,,Rose,Noir,https://imgaz1.chiccdn.com/thumb/view/oaupload/newchic/images/9A/12/e70c4bb6-645d-4e15-96b6-01a2fb35e217.jpg
kids,Brassières de grossesse,Soutien-gorge de maternité à imprimé floral,14.03,60,192,128,0,,Rose,Nu,https://imgaz1.chiccdn.com/thumb/view/oaupload/newchic/images/59/6E/45d52448-1705-4e31-b729-5cab32cec571.JPG
kids,Brassières de grossesse,Soutien-gorge d'allaitement anti-relâchement en dentelle,18.04,60,121.5,81,0,,Gris,Rose,https://imgaz1.chiccdn.com/thumb/view/oaupload/newchic/images/8A/AE/c7c563e6-89b9-4ca9-ad0a-9633b019e237.jpeg
kids,Salopettes & Combinaisons,Barboteuses de dessin animé mignon paresseux bébé pour 0-24M,17.04,60,57,38,0,,Yellow,,https://imgaz1.chiccdn.com/thumb/view/oaupload/ser1/newchic/images/49/79/ec97eab1-d57b-44c5-a054-f6763f3eed40.jpg
kids,Brassières de grossesse,Soutien-gorge d'allaitement sans manches en dentelle de maternité,18.99,47,15,10,0,,Light Grey,Nude,https://imgaz1.chiccdn.com/thumb/view/oaupload/ser1/newchic/images/51/8C/b50d70ed-2e1f-4852-b234-9f0272f6ebdd.jpg
kids,Brassières de grossesse,Soutien-gorge nursing sexy en dentelle à fermeture avant,24.06,60,241.5,161,0,,Nu,Violet,https://imgaz1.chiccdn.com/thumb/view/oaupload/newchic/images/58/A8/4475d15f-7cfc-4444-8ac1-fced41e712ea.jpg
kids,Robes,Robe à pois pour femmes enceintes,26.57,60,30,20,0,,White,,https://imgaz1.chiccdn.com/thumb/view/oaupload/newchic/images/94/F7/c1711282-f8db-4122-b987-ab4a10c7a004.jpg
kids,Bas,Pantalon anti-moustique Baby Daisy pour 6-24M,13.53,50,16.5,11,0,,Orange,Light Green,https://imgaz1.chiccdn.com/thumb/view/oaupload/newchic/images/73/5B/fc9f2fbf-92a3-4369-a5d6-f3a78edbf8c8.jpg
kids,Costume & Jupe-culotte,Hauts imprimés pour filles + jupe rayée pour 1-8 ans,19.99,50,18,12,0,,White,,https://imgaz1.chiccdn.com/thumb/view/oaupload/newchic/images/0D/A3/8b8f679f-28c4-4346-8d6f-e57cbb20d2de.jpg
kids,Tops & T-shirt,T-shirt rayé de bande dessinée garçon pour 2-10 ans,8.99,50,1.5,1,0,,Yellow,Red,https://imgaz1.chiccdn.com/thumb/view/oaupload/newchic/images/83/D3/e3fe199d-13b3-4dca-9010-9d746d46740e.jpg
kids,Slippers,Unisexe Enfants Salle De Bains Antidérapant Soft Pantoufles Domestiques Semelles,9.82,55,3,2,1,,Red,Pink,https://imgaz1.chiccdn.com/thumb/view/oaupload/newchic/images/49/08/b9dff2cc-0e3d-40b7-bcdc-87c2f027adc4.jpg
kids,Trainers,Garçons LED Baskets Light Comfy Antidérapantes Classic,31.44,55,3,2,1,,Black,White,https://imgaz1.chiccdn.com/thumb/view/oaupload/newchic/images/0E/89/3e223caf-e0f7-4e98-83ac-46a7f77534e9.jpg
kids,Tops & T-shirt,T-shirt à imprimé de bande dessinée pour garçon 2-10 ans,8.99,50,1.5,1,1,,Navy,,https://imgaz1.chiccdn.com/thumb/view/oaupload/newchic/images/06/59/947e6275-2ecd-452f-bd84-76a6adeb0049.jpg
kids,Flats & Loafers,Filles Plaid Canvas Daisy Jelly Sole Soft Chaussures Plates,21.45,55,1.5,1,1,,Beige,Pink,https://imgaz1.chiccdn.com/thumb/view/oaupload/newchic/images/DF/58/f43ddeca-dc41-4607-8251-15a599cbd3c7.jpg
kids,Sneakers,Chaussures de skate rayées à boucle à crochet pour fille,26.99,61,3,2,1,,Pink,Purple,https://imgaz1.chiccdn.com/thumb/view/oaupload/newchic/images/D4/5F/ab0bf8bc-a05e-4cf5-8399-3472e99e58d7.jpg
kids,Trainers,Espadrilles épaisses en tissu tricoté rétro pour garçons,25.99,63,4.5,3,1,,Black,White,https://imgaz1.chiccdn.com/thumb/view/oaupload/newchic/images/64/D1/ebe5e379-bbbd-4782-a82d-98679914a3fa.jpg
kids,Trainers,Baskets larges unisexes respirantes pour enfants,27.99,64,3,2,1,,Black,Pink,https://imgaz1.chiccdn.com/thumb/view/oaupload/newchic/images/35/A5/d01e473a-f1d4-4a3f-bac1-e22ecf3615db.jpg
kids,Sneakers,Baskets à boucle à crochet en tissu tricoté à paillettes pour fille,25.99,64,6,4,1,,Pink,Orange Pink,https://imgaz1.chiccdn.com/thumb/view/oaupload/newchic/images/D2/A2/551e74fa-2ae0-4878-abb5-fcb3ac3ae09d.jpg
