UserID,UserName,name,Rating
7,razer,Robe longue à patchwork imprimé,4
7,razer,Combinaison à bretelles à imprimé floral,7
7,razer,T-shirt boutonné à manches courtes et imprimé floral,4
7,razer,Pantalon décontracté à fleurs,7
3000,sahaz001,Robe longue à patchwork imprimé,8
3000,sahaz001,Combinaison à bretelles à imprimé floral,9
3000,sahaz001,T-shirt boutonné à manches courtes et imprimé floral,3
3000,sahaz001,Pantalon décontracté à fleurs,4
3001,Dook,Robe longue à patchwork imprimé,2
3001,Dook,Combinaison à bretelles à imprimé floral,7
3001,Dook,T-shirt boutonné à manches courtes et imprimé floral,6
3001,Dook,Pantalon décontracté à fleurs,3
3002,Rapter,Robe longue à patchwork imprimé,7
3002,Rapter,Combinaison à bretelles à imprimé floral,8
3002,Rapter,T-shirt boutonné à manches courtes et imprimé floral,9
3002,Rapter,Pantalon décontracté à fleurs,4
3003,notAshen,Robe longue à patchwork imprimé,9
3003,notAshen,Combinaison à bretelles à imprimé floral,2
3003,notAshen,T-shirt boutonné à manches courtes et imprimé floral,8
3003,notAshen,Pantalon décontracté à fleurs,5
3004,Shao03,Robe longue à patchwork imprimé,9
3004,Shao03,Combinaison à bretelles à imprimé floral,9
3004,Shao03,T-shirt boutonné à manches courtes et imprimé floral,8
3004,Shao03,Pantalon décontracté à fleurs,4
3005,Whishper,Robe longue à patchwork imprimé,6
3005,Whishper,Combinaison à bretelles à imprimé floral,8
3005,Whishper,T-shirt boutonné à manches courtes et imprimé floral,9
3005,Whishper,Pantalon décontracté à fleurs,2
3006,Razer,Robe longue à patchwork imprimé,7
3006,Razer,Combinaison à bretelles à imprimé floral,8
3006,Razer,T-shirt boutonné à manches courtes et imprimé floral,4
3006,Razer,Pantalon décontracté à fleurs,3
3007,Crash,Robe longue à patchwork imprimé,8
3007,Crash,Combinaison à bretelles à imprimé floral,9
3007,Crash,T-shirt boutonné à manches courtes et imprimé floral,2
3007,Crash,Pantalon décontracté à fleurs,7
3008,Mia,Robe longue à patchwork imprimé,9
3008,Mia,Combinaison à bretelles à imprimé floral,8
3008,Mia,T-shirt boutonné à manches courtes et imprimé floral,7
3008,Mia,Pantalon décontracté à fleurs,6
3009,Demon1,Robe longue à patchwork imprimé,8
3009,Demon1,Combinaison à bretelles à imprimé floral,7
3009,Demon1,T-shirt boutonné à manches courtes et imprimé floral,9
3009,Demon1,Pantalon décontracté à fleurs,4
3010,jigg,Robe longue à patchwork imprimé,4
3010,jigg,Combinaison à bretelles à imprimé floral,8
3010,jigg,T-shirt boutonné à manches courtes et imprimé floral,9
3010,jigg,Pantalon décontracté à fleurs,3
3011,Forsaken,Robe longue à patchwork imprimé,2
3011,Forsaken,Combinaison à bretelles à imprimé floral,4
3011,Forsaken,T-shirt boutonné à manches courtes et imprimé floral,6
3011,Forsaken,Pantalon décontracté à fleurs,5
3000,sahaz001,Robe longue à patchwork imprimé,7
3000,sahaz001,Combinaison à bretelles à imprimé floral,6
3000,sahaz001,T-shirt boutonné à manches courtes et imprimé floral,8
3000,sahaz001,Pantalon décontracté à fleurs,5
3001,Dook,Robe longue à patchwork imprimé,9
3001,Dook,Combinaison à bretelles à imprimé floral,7
3001,Dook,T-shirt boutonné à manches courtes et imprimé floral,8
3001,Dook,Pantalon décontracté à fleurs,9
3002,Rapter,Robe longue à patchwork imprimé,4
3002,Rapter,Combinaison à bretelles à imprimé floral,8
3002,Rapter,T-shirt boutonné à manches courtes et imprimé floral,7
3002,Rapter,Pantalon décontracté à fleurs,6
3003,notAshen,Robe longue à patchwork imprimé,8
3003,notAshen,Combinaison à bretelles à imprimé floral,9
3003,notAshen,T-shirt boutonné à manches courtes et imprimé floral,8
3003,notAshen,Pantalon décontracté à fleurs,7
3004,Shao03,Robe longue à patchwork imprimé,9
3004,Shao03,Combinaison à bretelles à imprimé floral,7
3004,Shao03,T-shirt boutonné à manches courtes et imprimé floral,8
3004,Shao03,Pantalon décontracté à fleurs,9
3005,Whishper,Robe longue à patchwork imprimé,6
3005,Whishper,Combinaison à bretelles à imprimé floral,7
3005,Whishper,T-shirt boutonné à manches courtes et imprimé floral,8
3005,Whishper,Pantalon décontracté à fleurs,9
3006,Razer,Robe longue à patchwork imprimé,8
3006,Razer,Combinaison à bretelles à imprimé floral,7
3006,Razer,T-shirt boutonné à manches courtes et imprimé floral,6
3006,Razer,Pantalon décontracté à fleurs,9
3007,Crash,Chemisier ample de couleur unie,8
3007,Crash,T-shirt boutonné à fleurs,7
3007,Crash,Chemises à manches courtes à rayures,6
3007,Crash,T-shirt 100% coton à col en V de couleur unie,7
3008,Mia,Chemisier ample de couleur unie,8
3008,Mia,T-shirt boutonné à fleurs,7
3008,Mia,Chemises à manches courtes à rayures,6
3008,Mia,T-shirt 100% coton à col en V de couleur unie,7
3009,Demon1,Chemisier ample de couleur unie,8
3009,Demon1,T-shirt boutonné à fleurs,9
3009,Demon1,Chemises à manches courtes à rayures,8
3009,Demon1,T-shirt 100% coton à col en V de couleur unie,7
3010,jigg,Chemisier ample de couleur unie,7
3010,jigg,T-shirt boutonné à fleurs,8
3010,jigg,Chemises à manches courtes à rayures,9
3010,jigg,T-shirt 100% coton à col en V de couleur unie,6
3011,Forsaken,Chemisier ample de couleur unie,6
3011,Forsaken,T-shirt boutonné à fleurs,5
3011,Forsaken,Chemises à manches courtes à rayures,7
3011,Forsaken,T-shirt 100% coton à col en V de couleur unie,4
3012,Danie,Chemisier ample de couleur unie,8
3012,Danie,T-shirt boutonné à fleurs,9
3012,Danie,Chemises à manches courtes à rayures,7
3012,Danie,T-shirt 100% coton à col en V de couleur unie,8
3013,Foxey,Chemisier ample de couleur unie,9
3013,Foxey,T-shirt boutonné à fleurs,8
3013,Foxey,Chemises à manches courtes à rayures,7
3013,Foxey,T-shirt 100% coton à col en V de couleur unie,6
3014,Sani leo,Chemisier ample de couleur unie,8
3014,Sani leo,T-shirt boutonné à fleurs,7
3014,Sani leo,Chemises à manches courtes à rayures,9
3014,Sani leo,T-shirt 100% coton à col en V de couleur unie,8
3015,Kumari,Chemisier ample de couleur unie,7
3015,Kumari,T-shirt boutonné à fleurs,8
3015,Kumari,Chemises à manches courtes à rayures,9
3015,Kumari,T-shirt 100% coton à col en V de couleur unie,8
3016,Saman,Chemisier ample de couleur unie,6
3016,Saman,T-shirt boutonné à fleurs,7
3016,Saman,Chemises à manches courtes à rayures,8
3016,Saman,T-shirt 100% coton à col en V de couleur unie,9
3017,kamal,Chemisier ample de couleur unie,8
3017,kamal,T-shirt boutonné à fleurs,9
3017,kamal,Chemises à manches courtes à rayures,7
3017,kamal,T-shirt 100% coton à col en V de couleur unie,8
3018,Booster,Chemisier ample de couleur unie,7
3018,Booster,T-shirt boutonné à fleurs,6
3018,Booster,Chemises à manches courtes à rayures,8
3018,Booster,T-shirt 100% coton à col en V de couleur unie,7
3019,Shroud,Chemisier ample de couleur unie,8
3019,Shroud,T-shirt boutonné à fleurs,9
3019,Shroud,Chemises à manches courtes à rayures,7
3019,Shroud,T-shirt 100% coton à col en V de couleur unie,8
3020,Tenz,Chemisier ample de couleur unie,7
3020,Tenz,T-shirt boutonné à fleurs,6
3020,Tenz,Chemises à manches courtes à rayures,5
3020,Tenz,T-shirt 100% coton à col en V de couleur unie,8
3021,Sick,Chemisier ample de couleur unie,9
3021,Sick,T-shirt boutonné à fleurs,8
3021,Sick,Chemises à manches courtes à rayures,7
3021,Sick,T-shirt 100% coton à col en V de couleur unie,8
3022,Diper,Chemisier ample de couleur unie,6
3022,Diper,T-shirt boutonné à fleurs,7
3022,Diper,Chemises à manches courtes à rayures,8
3022,Diper,T-shirt 100% coton à col en V de couleur unie,9
3023,Silva,Chemisier ample de couleur unie,8
3023,Silva,T-shirt boutonné à fleurs,9
3023,Silva,Chemises à manches courtes à rayures,7
3023,Silva,T-shirt 100% coton à col en V de couleur unie,8
3012,Danie,Chemisier ample de couleur unie,9
3012,Danie,T-shirt boutonné à fleurs,7
3012,Danie,Chemises à manches courtes à rayures,8
3012,Danie,T-shirt 100% coton à col en V de couleur unie,8
3013,Foxey,Chemisier ample de couleur unie,9
3013,Foxey,T-shirt boutonné à fleurs,7
3013,Foxey,Chemises à manches courtes à rayures,8
3013,Foxey,T-shirt 100% coton à col en V de couleur unie,6
3014,Sani leo,Chemisier ample de couleur unie,8
3014,Sani leo,T-shirt boutonné à fleurs,7
3014,Sani leo,Chemises à manches courtes à rayures,9
3014,Sani leo,T-shirt 100% coton à col en V de couleur unie,8
3015,Kumari,Brassière de grossesse,7
3015,Kumari,T-shirts en coton brodé Little Cloud,8
3015,Kumari,99% coton Fun Cartoon Monster Print T-shirts,9
3015,Kumari,Combinaisons Dot Design Girls pour 2Y-11Y,6
3016,Saman,Chaussures de loisirs pour filles avec crochet en maille,9
3016,Saman,Combinaisons Dot Design Girls pour 2Y-11Y,8
3016,Saman,T-shirts en coton brodé Little Cloud,7
3016,Saman,Brassière de grossesse,6
3017,kamal,Combinaisons Dot Design Girls pour 2Y-11Y,8
3017,kamal,Chaussures de loisirs pour filles avec crochet en maille,7
3017,kamal,T-shirts en coton brodé Little Cloud,9
3017,kamal,Chemise jacquard de couleur unie,6
3018,Booster,Combinaisons Dot Design Girls pour 2Y-11Y,9
3018,Booster,99% coton Fun Cartoon Monster Print T-shirts,8
3018,Booster,T-shirts en coton brodé Little Cloud,7
3018,Booster,Chaussures de loisirs pour filles avec crochet en maille,6
3019,Shroud,Brassière de grossesse,8
3019,Shroud,T-shirts en coton brodé Little Cloud,9
3019,Shroud,Chaussures de loisirs pour filles avec crochet en maille,7
3019,Shroud,99% coton Fun Cartoon Monster Print T-shirts,6
3020,Tenz,99% coton Fun Cartoon Monster Print T-shirts,7
3020,Tenz,T-shirts en coton brodé Little Cloud,8
3020,Tenz,Combinaisons Dot Design Girls pour 2Y-11Y,9
3020,Tenz,Brassière de grossesse,6
3021,Sick,Chaussures de loisirs pour filles avec crochet en maille,8
3021,Sick,T-shirts en coton brodé Little Cloud,9
3021,Sick,99% coton Fun Cartoon Monster Print T-shirts,7
3021,Sick,Bikini String Tie Dye,6
3022,Diper,Combinaisons Dot Design Girls pour 2Y-11Y,9
3022,Diper,T-shirts en coton brodé Little Cloud,8
3022,Diper,99% coton Fun Cartoon Monster Print T-shirts,7
3022,Diper,Chaussures de loisirs pour filles avec crochet en maille,6
3023,Silva,Bikini String Tie Dye,7
3023,Silva,Brassière de grossesse,8
3023,Silva,Combinaisons Dot Design Girls pour 2Y-11Y,9
3023,Silva,Chaussures de loisirs pour filles avec crochet en maille,6
3023,GeraltOfRivia,Chaussures de loisirs pour filles avec crochet en maille,8
3023,GeraltOfRivia,Combinaisons Dot Design Girls pour 2Y-11Y,9
3023,GeraltOfRivia,Bikini String Tie Dye,7
3024,YenneferOfVengerberg,Chaussures de loisirs pour filles avec crochet en maille,9
3024,YenneferOfVengerberg,Bikini String Tie Dye,8
3024,YenneferOfVengerberg,99% coton Fun Cartoon Monster Print T-shirts,7
3025,Ciri,Chemise jacquard de couleur unie,6
3025,Ciri,Bikini String Tie Dye,9
3025,Ciri,Brassière de grossesse,8
3026,TrissMerigold,Chaussures de loisirs pour filles avec crochet en maille,9
3026,TrissMerigold,Combinaisons Dot Design Girls pour 2Y-11Y,7
3026,TrissMerigold,Bikini String Tie Dye,9
3027,Jaskier,Chaussures de loisirs pour filles avec crochet en maille,7
3027,Jaskier,Bikini String Tie Dye,8
3027,Jaskier,Chemise jacquard de couleur unie,9
3028,Vesemir,Combinaisons Dot Design Girls pour 2Y-11Y,8
3028,Vesemir,Brassière de grossesse,7
3028,Vesemir,Bikini String Tie Dye,9
3029,Regis,Chemise jacquard de couleur unie,8
3029,Regis,Bikini String Tie Dye,7
3029,Regis,Combinaisons Dot Design Girls pour 2Y-11Y,6
3030,KeiraMetz,Bikini String Tie Dye,8
3030,KeiraMetz,Chemise jacquard de couleur unie,9
3030,KeiraMetz,99% coton Fun Cartoon Monster Print T-shirts,7
3031,Lambert,Chemise jacquard de couleur unie,8
3031,Lambert,T-shirts décontractés sexy à col en V profond,9
3031,Lambert,99% coton Fun Cartoon Monster Print T-shirts,8
3032,Eskel,Bikini String Tie Dye,7
3032,Eskel,Brassière de grossesse,8
3032,Eskel,Chemise jacquard de couleur unie,9
3033,ZoltanChivay,99% coton Fun Cartoon Monster Print T-shirts,7
3033,ZoltanChivay,Bikini String Tie Dye,9
3033,ZoltanChivay,T-shirts décontractés sexy à col en V profond,8
3034,Dandelion,Bikini String Tie Dye,9
3034,Dandelion,Combinaisons Dot Design Girls pour 2Y-11Y,7
3034,Dandelion,Chemise jacquard de couleur unie,8
3035,EmhyrVarEmreis,Brassière de grossesse,9
3035,EmhyrVarEmreis,Bikini String Tie Dye,7
3035,EmhyrVarEmreis,Chemise jacquard de couleur unie,8
3036,PhilippaEilhart,T-shirts décontractés sexy à col en V profond,9
3036,PhilippaEilhart,Combinaisons Dot Design Girls pour 2Y-11Y,8
3036,PhilippaEilhart,Chemise jacquard de couleur unie,7
3037,Vilgefortz,Combinaisons Dot Design Girls pour 2Y-11Y,6
3037,Vilgefortz,Brassière de grossesse,7
3037,Vilgefortz,Chemise jacquard de couleur unie,8
3038,GaunterODimm,Combinaisons Dot Design Girls pour 2Y-11Y,9
3038,GaunterODimm,T-shirts décontractés sexy à col en V profond,8
3038,GaunterODimm,Bikini String Tie Dye,7
3039,Shani,Bikini String Tie Dye,8
3039,Shani,Chemise jacquard de couleur unie,9
3039,Shani,T-shirts décontractés sexy à col en V profond,8
3040,Iorveth,Bikini String Tie Dye,7
3040,Iorveth,Chemise jacquard de couleur unie,8
3040,Iorveth,T-shirts décontractés sexy à col en V profond,9
3041,Roche,T-shirts décontractés sexy à col en V profond,8
3041,Roche,Pull tunique croisé à épaules dénudées,7
3041,Roche,Brassière de grossesse,8
3042,Letho,Bikini String Tie Dye,9
3042,Letho,Brassière de grossesse,8
3042,Letho,Chemise jacquard de couleur unie,7
3023,GeraltOfRivia,Combinaisons Dot Design Girls pour 2Y-11Y,8
3023,GeraltOfRivia,T-shirts décontractés sexy à col en V profond,2
3023,GeraltOfRivia,Chemise jacquard de couleur unie,4
3024,YenneferOfVengerberg,Combinaisons Dot Design Girls pour 2Y-11Y,9
3024,YenneferOfVengerberg,Pull tunique croisé à épaules dénudées,3
3024,YenneferOfVengerberg,Bikini String Tie Dye,5
3025,Ciri,Combinaisons Dot Design Girls pour 2Y-11Y,6
3025,Ciri,Brassière de grossesse,2
3025,Ciri,T-shirts décontractés sexy à col en V profond,4
3026,TrissMerigold,Ensembles de vêtements pour garçons de loisirs pour 2Y-7Y,9
3026,TrissMerigold,Bikini String Tie Dye,7
3026,TrissMerigold,T-shirts décontractés sexy à col en V profond,9
3027,Jaskier,T-shirts décontractés sexy à col en V profond,2
3027,Jaskier,Ensembles de vêtements pour garçons de loisirs pour 2Y-7Y,3
3027,Jaskier,Pull tunique croisé à épaules dénudées,4
3028,Vesemir,Mens Sample Cartoon Cat Graphic Casual Cotton Short Sleeve T-Shirt,3
3028,Vesemir,Combinaisons Dot Design Girls pour 2Y-11Y,2
3028,Vesemir,T-shirts décontractés sexy à col en V profond,4
3029,Regis,Chemise jacquard de couleur unie,4
3029,Regis,Brassière de grossesse,3
3029,Regis,Mens Sample Cartoon Cat Graphic Casual Cotton Short Sleeve T-Shirt,1
3030,KeiraMetz,T-shirts décontractés sexy à col en V profond,2
3030,KeiraMetz,Chemises à manches longues de couleur unie,3
3030,KeiraMetz,Mens Sample Cartoon Cat Graphic Casual Cotton Short Sleeve T-Shirt,1
3031,Lambert,Bikini String Tie Dye,2
3031,Lambert,Chemises à manches longues de couleur unie,3
3031,Lambert,T-shirts décontractés sexy à col en V profond,2
3032,Eskel,Combinaisons Dot Design Girls pour 2Y-11Y,4
3032,Eskel,Brassière de grossesse,3
3032,Eskel,Bikini String Tie Dye,2
3033,ZoltanChivay,Combinaisons Dot Design Girls pour 2Y-11Y,1
3033,ZoltanChivay,Ensembles de vêtements pour garçons de loisirs pour 2Y-7Y,2
3033,ZoltanChivay,Mens Sample Cartoon Cat Graphic Casual Cotton Short Sleeve T-Shirt,3
3034,Dandelion,Ensembles de vêtements pour garçons de loisirs pour 2Y-7Y,2
3034,Dandelion,T-shirts décontractés sexy à col en V profond,1
3034,Dandelion,Mens Sample Cartoon Cat Graphic Casual Cotton Short Sleeve T-Shirt,2
3035,EmhyrVarEmreis,Brassière de grossesse,4
3035,EmhyrVarEmreis,Bikini String Tie Dye,3
3035,EmhyrVarEmreis,Combinaisons Dot Design Girls pour 2Y-11Y,2
3036,PhilippaEilhart,T-shirts décontractés sexy à col en V profond,3
3036,PhilippaEilhart,Bikini String Tie Dye,4
3036,PhilippaEilhart,Mens Sample Cartoon Cat Graphic Casual Cotton Short Sleeve T-Shirt,2
3037,Vilgefortz,Combinaisons Dot Design Girls pour 2Y-11Y,1
3037,Vilgefortz,Ensembles de vêtements pour garçons de loisirs pour 2Y-7Y,2
3037,Vilgefortz,Bikini String Tie Dye,1
3038,GaunterODimm,Brassière de grossesse,2
3038,GaunterODimm,Bikini String Tie Dye,3
3038,GaunterODimm,Mens Sample Cartoon Cat Graphic Casual Cotton Short Sleeve T-Shirt,1
3039,Shani,Bikini String Tie Dye,2
3039,Shani,Chemises rétro à fleurs vintage,3
3039,Shani,T-shirts décontractés sexy à col en V profond,2
3040,Iorveth,Ensembles de vêtements pour garçons de loisirs pour 2Y-7Y,3
3040,Iorveth,Bikini String Tie Dye,4
3040,Iorveth,Chemises rétro à fleurs vintage,2
3041,Roche,T-shirts décontractés sexy à col en V profond,3
3041,Roche,Mens Sample Cartoon Cat Graphic Casual Cotton Short Sleeve T-Shirt,2
3041,Roche,Bikini String Tie Dye,3
3042,Letho,Brassière de grossesse,1
3042,Letho,T-shirts décontractés sexy à col en V profond,2
3042,Letho,Bikini String Tie Dye,2
3042,SherlockHolmes,Brassière de grossesse,8
3042,SherlockHolmes,Ensembles de vêtements pour garçons de loisirs pour 2Y-7Y,2
3042,SherlockHolmes,Chemises rétro à fleurs vintage,4
3043,DrJohnWatson,Bikini String Tie Dye,9
3043,DrJohnWatson,T-shirts décontractés sexy à col en V profond,3
3043,DrJohnWatson,Chemises à manches longues de couleur unie,5
3044,MycroftHolmes,Chemises rétro à fleurs vintage,6
3044,MycroftHolmes,Bikini String Tie Dye,2
3044,MycroftHolmes,Mens Sample Cartoon Cat Graphic Casual Cotton Short Sleeve T-Shirt,4
3045,MrsHudson,Ensembles de vêtements pour garçons de loisirs pour 2Y-7Y,9
3045,MrsHudson,Chemises rétro à fleurs vintage,7
3045,MrsHudson,Chemisier fendu à fleurs,9
3046,InspectorLestrade,Mens Sample Cartoon Cat Graphic Casual Cotton Short Sleeve T-Shirt,2
3046,InspectorLestrade,Bikini String Tie Dye,3
3046,InspectorLestrade,Chemises rétro à fleurs vintage,4
3047,Moriarty,Chemises rétro à fleurs vintage,3
3047,Moriarty,Brassière de grossesse,2
3047,Moriarty,Chemisier fendu à fleurs,4
3048,MrsAdler,Chemises à manches longues de couleur unie,4
3048,MrsAdler,Bikini String Tie Dye,3
3048,MrsAdler,Pull tunique croisé à épaules dénudées,1
3049,MaryWatson,Chemisier fendu à fleurs,2
3049,MaryWatson,Chemises rétro à fleurs vintage,3
3049,MaryWatson,Bikini String Tie Dye,1
3050,CharlesAugustusMilverton,Chemisier fendu à fleurs,2
3050,CharlesAugustusMilverton,Mens Sample Cartoon Cat Graphic Casual Cotton Short Sleeve T-Shirt,3
3050,CharlesAugustusMilverton,Chemisier fendu à fleurs,2
3051,ProfessorMoriarty,Chemises rétro à fleurs vintage,4
3051,ProfessorMoriarty,Chemises à manches longues de couleur unie,3
3051,ProfessorMoriarty,Mens Sample Cartoon Cat Graphic Casual Cotton Short Sleeve T-Shirt,2
3052,JohnSmith,Chemises rétro à fleurs vintage,1
3052,JohnSmith,Pull tunique croisé à épaules dénudées,2
3052,JohnSmith,Brassière de grossesse,3
3053,RachelAdams,Chemisier fendu à fleurs,2
3053,RachelAdams,Chemises à manches longues de couleur unie,1
3053,RachelAdams,Brassière de grossesse,2
3054,MrsTurner,Chemises rétro à fleurs vintage,4
3054,MrsTurner,Pull tunique croisé à épaules dénudées,3
3054,MrsTurner,Chemisier fendu à fleurs,2
3055,GregLestrade,Chemises rétro à fleurs vintage,3
3055,GregLestrade,T-shirts 100% coton à motif d'avion,4
3055,GregLestrade,Chemises à manches longues de couleur unie,2
3056,JamesMoriarty,Brassière de grossesse,1
3056,JamesMoriarty,Pull tunique croisé à épaules dénudées,2
3056,JamesMoriarty,Chemisier fendu à fleurs,1
3057,SherlockHolmes,Chemises rétro à fleurs vintage,4
3057,SherlockHolmes,T-shirts 100% coton à motif d'avion,5
3057,SherlockHolmes,Mens Sample Cartoon Cat Graphic Casual Cotton Short Sleeve T-Shirt,3
3058,DrJohnWatson,Chemises rétro à fleurs vintage,7
3058,DrJohnWatson,Chemisier fendu à fleurs,2
3058,DrJohnWatson,Colorful Chemises à rayures,6
3059,MycroftHolmes,Mens Sample Cartoon Cat Graphic Casual Cotton Short Sleeve T-Shirt,3
3059,MycroftHolmes,Chemises rétro à fleurs vintage,4
3059,MycroftHolmes,Colorful Chemises à rayures,5
3060,MrsHudson,Chemisier fendu à fleurs,8
3060,MrsHudson,Colorful Chemises à rayures,3
3060,MrsHudson,Chemises rétro à fleurs vintage,9
3061,InspectorLestrade,Brassière de grossesse,3
3061,InspectorLestrade,Pull tunique croisé à épaules dénudées,2
3061,InspectorLestrade,Mens Sample Cartoon Cat Graphic Casual Cotton Short Sleeve T-Shirt,4
3062,Moriarty,Chemises rétro à fleurs vintage,2
3062,Moriarty,Pull tunique croisé à épaules dénudées,3
3062,Moriarty,Mens Sample Cartoon Cat Graphic Casual Cotton Short Sleeve T-Shirt,2
3063,MrsAdler,Pull tunique croisé à épaules dénudées,3
3063,MrsAdler,Mens Sample Cartoon Cat Graphic Casual Cotton Short Sleeve T-Shirt,2
3063,MrsAdler,Chemises rayées Classic pour hommes ,1
3064,MaryWatson,Chemise jacquard de couleur unie,2
3064,MaryWatson,Chemises rétro à fleurs vintage,3
3064,MaryWatson,T-shirt imprimé en tricot,2
3065,CharlesAugustusMilverton,Chemises rétro à fleurs vintage,3
3065,CharlesAugustusMilverton,T-shirt imprimé en tricot,2
3065,CharlesAugustusMilverton,Chemises rayées Classic pour hommes ,3
3066,ProfessorMoriarty,Brassière de grossesse,4
3066,ProfessorMoriarty,Pull tunique croisé à épaules dénudées,3
3066,ProfessorMoriarty,Chemises rétro à fleurs vintage,2
3067,JohnSmith,Brassière de grossesse,1
3067,JohnSmith,T-shirt imprimé en tricot,2
3067,JohnSmith,T-shirt rayé à col rond et patchwork,3
3068,RachelAdams,Brassière de grossesse,2
3068,RachelAdams,Chemise jacquard de couleur unie,1
3068,RachelAdams,T-shirt rayé à col rond et patchwork,2
3069,MrsTurner,T-shirt imprimé en tricot,4
3069,MrsTurner,Chemise jacquard de couleur unie,3
3069,MrsTurner,Chemises rayées Classic pour hommes ,2
3070,GregLestrade,Chemise jacquard de couleur unie,3
3070,GregLestrade,Pull tunique croisé à épaules dénudées,4
3070,GregLestrade,T-shirt imprimé en tricot,2
3071,JamesMoriarty,T-shirt rayé à col rond et patchwork,1
3071,JamesMoriarty,Pull tunique croisé à épaules dénudées,2
3071,JamesMoriarty,Chemises rayées Classic pour hommes ,1
3072,MycroftHolmes,T-shirt imprimé en tricot,2
3072,MycroftHolmes,T-shirt rayé à col rond et patchwork,3
3072,MycroftHolmes,Pull tunique croisé à épaules dénudées,4
3073,MrsHudson,Chemisier fendu à fleurs,5
3073,MrsHudson,T-shirt imprimé en tricot,6
3073,MrsHudson,Pull tunique croisé à épaules dénudées,4
3074,InspectorLestrade,T-shirt rayé à col rond et patchwork,3
3074,InspectorLestrade,Colorful Chemises à rayures,2
3074,InspectorLestrade,Pull tunique croisé à épaules dénudées,3
3075,Moriarty,T-shirt rayé à col rond et patchwork,4
3075,Moriarty,Robe de fleur de princesse fille 2PCs pour 1-7Y,5
3075,Moriarty,Chemises rayées Classic pour hommes ,3
3076,MrsAdler,Chemisier fendu à fleurs,2
3076,MrsAdler,Robe de fleur de princesse fille 2PCs pour 1-7Y,1
3076,MrsAdler,Pull tunique croisé à épaules dénudées,2
3077,MaryWatson,Robe pour fille de 2-8 ans,3
3077,MaryWatson,T-shirt rayé à col rond et patchwork,4
3077,MaryWatson,T-shirt imprimé en tricot,3
3078,CharlesAugustusMilverton,Robe pour fille de 2-8 ans,2
3078,CharlesAugustusMilverton,Robe de fleur de princesse fille 2PCs pour 1-7Y,3
3078,CharlesAugustusMilverton,Pull tunique croisé à épaules dénudées,1
3079,ProfessorMoriarty,Robe de fleur de princesse fille 2PCs pour 1-7Y,4
3079,ProfessorMoriarty,T-shirt imprimé en tricot,5
3079,ProfessorMoriarty,Pull tunique croisé à épaules dénudées,3
3080,JohnSmith,Pull tunique croisé à épaules dénudées,3
3080,JohnSmith,Robe de fleur de princesse fille 2PCs pour 1-7Y,2
3080,JohnSmith,Chemises rayées Classic pour hommes ,3
3081,RachelAdams,Pull tunique croisé à épaules dénudées,2
3081,RachelAdams,Robe de fleur de princesse fille 2PCs pour 1-7Y,3
3081,RachelAdams,Filles Robe Grise Plissée Pour 4Y-15Y,4
3082,MrsTurner,Filles Robe Grise Plissée Pour 4Y-15Y,1
3082,MrsTurner,Pull tunique croisé à épaules dénudées,2
3082,MrsTurner,T-shirt rayé à col rond et patchwork,3
3083,GregLestrade,Filles Robe Grise Plissée Pour 4Y-15Y,4
3083,GregLestrade,Pull tunique croisé à épaules dénudées,5
3083,GregLestrade,T-shirt imprimé en tricot,4
3084,JamesMoriarty,T-shirt rayé à col rond et patchwork,3
3084,JamesMoriarty,Robe de fleur de princesse fille 2PCs pour 1-7Y,4
3084,JamesMoriarty,Pull tunique croisé à épaules dénudées,2
3084,HenryCavill,T-shirt imprimé en tricot,5
3084,HenryCavill,Robe de fleur de princesse fille 2PCs pour 1-7Y,4
3084,HenryCavill,T-shirt rayé à col rond et patchwork,3
3085,BenedictCumberbatch,Filles Robe Grise Plissée Pour 4Y-15Y,8
3085,BenedictCumberbatch,Robe de fleur de princesse fille 2PCs pour 1-7Y,7
3085,BenedictCumberbatch,T-shirt rayé à col rond et patchwork,8
3086,MartinFreeman,T-shirt rayé à col rond et patchwork,6
3086,MartinFreeman,T-shirt imprimé en tricot,6
3086,MartinFreeman,Chemises rayées Classic pour hommes ,7
3087,AndrewScott,Pull tunique croisé à épaules dénudées,8
3087,AndrewScott,Robe de fleur de princesse fille 2PCs pour 1-7Y,7
3087,AndrewScott,T-shirt rayé à col rond et patchwork,8
3088,LaraPulver,T-shirt rayé à col rond et patchwork,6
3088,LaraPulver,Chemises rayées Classic pour hommes ,7
3088,LaraPulver,Pull tunique croisé à épaules dénudées,6
3089,RupertGraves,Filles Robe Grise Plissée Pour 4Y-15Y,7
3089,RupertGraves,T-shirt rayé à col rond et patchwork,8
3089,RupertGraves,Chaussures de loisirs pour filles avec crochet en maille,7
3090,LouiseBrealey,Robe de fleur de princesse fille 2PCs pour 1-7Y,6
3090,LouiseBrealey,Pull tunique croisé à épaules dénudées,7
3090,LouiseBrealey,T-shirt rayé à col rond et patchwork,5
3091,NatashaO'Keeffe,Filles Robe Grise Plissée Pour 4Y-15Y,5
3091,NatashaO'Keeffe,Chaussures de loisirs pour filles avec crochet en maille,6
3091,NatashaO'Keeffe,Robe de fleur de princesse fille 2PCs pour 1-7Y,5
3092,UnaStubbs,T-shirt rayé à col rond et patchwork,7
3092,UnaStubbs,Ensembles de vêtements pour garçons de loisirs pour 2Y-7Y,7
3092,UnaStubbs,Chaussures de loisirs pour filles avec crochet en maille,8
3093,MarkGatiss,T-shirt imprimé en tricot,8
3093,MarkGatiss,T-shirt rayé à col rond et patchwork,7
3093,MarkGatiss,Chemises rayées Classic pour hommes ,8
3094,JonathanAris,Robe rayée à pois,7
3094,JonathanAris,T-shirt imprimé en tricot,7
3094,JonathanAris,Robe de fleur de princesse fille 2PCs pour 1-7Y,6
3095,AmandaAbbington,Filles Robe Grise Plissée Pour 4Y-15Y,6
3095,AmandaAbbington,Robe rayée à pois,7
3095,AmandaAbbington,T-shirt rayé à col rond et patchwork,6
3096,VinetteRobinson,Robe de fleur de princesse fille 2PCs pour 1-7Y,7
3096,VinetteRobinson,T-shirt rayé à col rond et patchwork,6
3096,VinetteRobinson,T-shirt imprimé en tricot,5
3097,ZoeTelford,Robe rayée à pois,4
3097,ZoeTelford,Chaussures de loisirs pour filles avec crochet en maille,4
3097,ZoeTelford,T-shirt imprimé en tricot,3
3098,TobyJones,Ensembles de vêtements pour garçons de loisirs pour 2Y-7Y,6
3098,TobyJones,T-shirt imprimé en tricot,5
3098,TobyJones,Chemises rayées Classic pour hommes ,6
3099,LindsayDuncan,Filles Robe Grise Plissée Pour 4Y-15Y,4
3099,LindsayDuncanRobe rayée à pois,T-shirts 100% coton à motif d'avion,5
3099,LindsayDuncan,Chaussures de loisirs pour filles avec crochet en maille,4
3100,AlfieEnoch,Robe rayée à pois,7
3100,AlfieEnoch,Chemises rayées Classic pour hommes ,7
3100,AlfieEnoch,Ensembles de vêtements pour garçons de loisirs pour 2Y-7Y,8
3101,KateCarlisle,Mens Sample Cartoon Cat Graphic Casual Cotton Short Sleeve T-Shirt,8
3101,KateCarlisle,Filles Robe Grise Plissée Pour 4Y-15Y,7
3101,KateCarlisle,Robe de fleur de princesse fille 2PCs pour 1-7Y,6
3102,OonaChaplin,Ensembles de vêtements pour garçons de loisirs pour 2Y-7Y,7
3102,OonaChaplin,Chaussures de loisirs pour filles avec crochet en maille,8
3102,OonaChaplin,Mens Sample Cartoon Cat Graphic Casual Cotton Short Sleeve T-Shirt,6
3103,GeorgeBlagden,Filles Robe Grise Plissée Pour 4Y-15Y,5
3103,GeorgeBlagden,Mens Sample Cartoon Cat Graphic Casual Cotton Short Sleeve T-Shirt,4
3103,GeorgeBlagden,Robe de fleur de princesse fille 2PCs pour 1-7Y,5
3125,LaurentDurand,Chemises rayées Classic pour hommes ,5
3125,LaurentDurand,Filles Robe Grise Plissée Pour 4Y-15Y,4
3125,LaurentDurand,Robe rayée à pois,3
3126,MarieThibault,Chaussures de loisirs pour filles avec crochet en maille,8
3126,MarieThibault,Robe rayée à pois,7
3126,MarieThibault,T-shirt imprimé en tricot,8
3127,DenisLeclerc,Chemises rayées Classic pour hommes ,6
3127,DenisLeclerc,Filles Robe Grise Plissée Pour 4Y-15Y,6
3127,DenisLeclerc,Robe rayée à pois,7
3128,JeanneBellec,T-shirt imprimé en tricot,8
3128,JeanneBellec,Robe de fleur de princesse fille 2PCs pour 1-7Y,7
3128,JeanneBellec,Robe rayée à pois,8
3129,NicolasBourgeois,Chaussures de loisirs pour filles avec crochet en maille,6
3129,NicolasBourgeois,Filles Robe Grise Plissée Pour 4Y-15Y,7
3129,NicolasBourgeois,Ensembles de vêtements pour garçons de loisirs pour 2Y-7Y,6
3130,MarieFranceCotten,Robe rayée à pois,8
3130,MarieFranceCotten,Chaussures de loisirs pour filles avec crochet en maille,7
3130,MarieFranceCotten,Chemises rayées Classic pour hommes ,8
3131,FabienneCroissant,Robe de fleur de princesse fille 2PCs pour 1-7Y,6
3131,FabienneCroissant,Robe rayée à pois,6
3131,FabienneCroissant,Filles Robe Grise Plissée Pour 4Y-15Y,7
3132,JeanneDubois,Robe de fleur de princesse fille 2PCs pour 1-7Y,7
3132,JeanneDubois,Chaussures de loisirs pour filles avec crochet en maille,8
3132,JeanneDubois,Chemises rayées Classic pour hommes ,6
3133,NicolasFlageul,T-shirt imprimé en tricot,7
3133,NicolasFlageul,Robe rayée à pois,6
3133,NicolasFlageul,Filles Robe Grise Plissée Pour 4Y-15Y,7
3134,ClaireGal,Soutien-gorge d'allaitement maternité confortable,6
3134,ClaireGal,Ensembles de vêtements pour garçons de loisirs pour 2Y-7Y,8
3134,ClaireGal,Chaussures de loisirs pour filles avec crochet en maille,7
3135,MarieHerve,Soutien-gorge d'allaitement maternité confortable,8
3135,MarieHerve,Ensembles de vêtements pour garçons de loisirs pour 2Y-7Y,8
3135,MarieHerve,Filles Robe Grise Plissée Pour 4Y-15Y,7
3136,PhilippeInisan,Soutien-gorge d'allaitement maternité confortable,6
3136,PhilippeInisan,Ensembles de vêtements pour garçons de loisirs pour 2Y-7Y,7
3136,PhilippeInisan,Robe rayée à pois,6
3137,LaurenceJoncour,Robe de fleur de princesse fille 2PCs pour 1-7Y,6
3137,LaurenceJoncour,Chaussures de loisirs pour filles avec crochet en maille,7
3137,LaurenceJoncour,Filles Robe Grise Plissée Pour 4Y-15Y,5
3138,MargauxKergoat,Soutien-gorge d'allaitement maternité confortable,7
3138,MargauxKergoat,Ensembles de vêtements pour garçons de loisirs pour 2Y-7Y,6
3138,MargauxKergoat,Robe rayée à pois,7
3139,JeanLucLarrieu,Robe rayée à pois,6
3139,JeanLucLarrieu,Chaussures de loisirs pour filles avec crochet en maille,7
3139,JeanLucLarrieu,Chemises rayées Classic pour hommes ,6
3140,MathildeLeBras,Soutien-gorge d'allaitement maternité confortable,7
3140,MathildeLeBras,Robe rayée à pois,8
3140,MathildeLeBras,Ensembles de vêtements pour garçons de loisirs pour 2Y-7Y,7
3141,ChristopheLeFur,T-shirts en coton brodé Little Cloud,6
3141,ChristopheLeFur,Chaussures de loisirs pour filles avec crochet en maille,7
3141,ChristopheLeFur,Ensembles de vêtements pour garçons de loisirs pour 2Y-7Y,7
3142,ElisabethLeNormand,Filles Robe Grise Plissée Pour 4Y-15Y,7
3142,ElisabethLeNormand,Soutien-gorge d'allaitement maternité confortable,8
3142,ElisabethLeNormand,Robe rayée à pois,8
3143,Aur lieLucas,Robe pour fille de 2-8 ans,6
3143,Aur lieLucas,Chemises rayées Classic pour hommes ,7
3143,Aur lieLucas,Soutien-gorge d'allaitement maternité confortable,7
3144,ElodieMalo,Soutien-gorge d'allaitement maternité confortable,7
3144,ElodieMalo,Robe pour fille de 2-8 ans,8
3144,ElodieMalo,Filles Robe Grise Plissée Pour 4Y-15Y,7
3145,PhilippeMalo,Soutien-gorge d'allaitement maternité confortable,6
3145,PhilippeMalo,Robe pour fille de 2-8 ans,5
3145,PhilippeMalo,Chaussures de loisirs pour filles avec crochet en maille,6
3146,MarieJos eMaury,Filles Robe Grise Plissée Pour 4Y-15Y,5
3146,MarieJos eMaury,Ensembles de vêtements pour garçons de loisirs pour 2Y-7Y,6
3146,MarieJos eMaury,Chaussures de loisirs pour filles avec crochet en maille,6
3147,Fr d riqueMigeon,Robe rayée à pois,6
3147,Fr d riqueMigeon,Soutien-gorge d'allaitement maternité confortable,7
3147,Fr d riqueMigeon,Robe pour fille de 2-8 ans,6
3148,ChristianMigeon,Chemises rayées Classic pour hommes ,7
3148,ChristianMigeon,Soutien-gorge d'allaitement maternité confortable,8
3148,ChristianMigeon,Filles Robe Grise Plissée Pour 4Y-15Y,7
3149,Jos eNicolle,Soutien-gorge d'allaitement maternité confortable,6
3149,Jos eNicolle,Chaussures de loisirs pour filles avec crochet en maille,6
3149,Jos eNicolle,Robe pour fille de 2-8 ans,5
3150,JeanMarcOllivier,Soutien-gorge d'allaitement maternité confortable,5
3150,JeanMarcOllivier,Robe rayée à pois,6
3150,JeanMarcOllivier,Ensembles de vêtements pour garçons de loisirs pour 2Y-7Y,5
3151,NathaliePannetier,Filles Robe Grise Plissée Pour 4Y-15Y,6
3151,NathaliePannetier,Robe rayée à pois,6
3151,NathaliePannetier,Chaussures de loisirs pour filles avec crochet en maille,5
3105,LorraineAshbourne,Robe pour fille de 2-8 ans,6
3105,LorraineAshbourne,Soutien-gorge d'allaitement maternité confortable,7
3105,LorraineAshbourne,Chemises rayées Classic pour hommes ,6
3106,DavidDawson,Soutien-gorge d'allaitement maternité confortable,8
3106,DavidDawson,Ensembles de vêtements pour garçons de loisirs pour 2Y-7Y,7
3106,DavidDawson,Robe rayée à pois,8
3107,SianBrooke,Ensembles de vêtements pour garçons de loisirs pour 2Y-7Y,7
3107,SianBrooke,T-shirts en coton brodé Little Cloud,7
3107,SianBrooke,Chaussures de loisirs pour filles avec crochet en maille,6
3108,AndrewHavill,Soutien-gorge d'allaitement maternité confortable,6
3108,AndrewHavill,Chemises rayées Classic pour hommes ,7
3108,AndrewHavill,Filles Robe Grise Plissée Pour 4Y-15Y,6
3109,PaulAnderson,Soutien-gorge d'allaitement maternité confortable,7
3109,PaulAnderson,Robe pour fille de 2-8 ans,6
3109,PaulAnderson,Chaussures de loisirs pour filles avec crochet en maille,5
3110,SueVertue,Filles Robe Grise Plissée Pour 4Y-15Y,4
3110,SueVertue,Soutien-gorge d'allaitement maternité confortable,4
3110,SueVertue,Robe pour fille de 2-8 ans,3
3111,MargaretDoyle,T-shirts en coton brodé Little Cloud,6
3111,MargaretDoyle,Robe pour fille de 2-8 ans,5
3111,MargaretDoyle,Chaussures de loisirs pour filles avec crochet en maille,6
3112,HughBonville,Robe rayée à pois,3
3112,HughBonville,Ensembles de vêtements pour garçons de loisirs pour 2Y-7Y,2
3112,HughBonville,Soutien-gorge d'allaitement maternité confortable,3
3113,JenniferWilson,Chaussures de loisirs pour filles avec crochet en maille,6
3113,JenniferWilson,Ensembles de vêtements pour garçons de loisirs pour 2Y-7Y,5
3113,JenniferWilson,Soutien-gorge d'allaitement maternité confortable,6
3114,LeopoldSmall,Robe pour fille de 2-8 ans,3
3114,LeopoldSmall,Ensembles de vêtements pour garçons de loisirs pour 2Y-7Y,2
3114,LeopoldSmall,Chaussures de loisirs pour filles avec crochet en maille,3
3115,CarolineMarsan,Robe pour fille de 2-8 ans,7
3115,CarolineMarsan,Ensembles de vêtements pour garçons de loisirs pour 2Y-7Y,7
3115,CarolineMarsan,Chaussures de loisirs pour filles avec crochet en maille,8
3116,ClotildeComont,Soutien-gorge d'allaitement maternité confortable,8
3116,ClotildeComont,T-shirts en coton brodé Little Cloud,7
3116,ClotildeComont,Chaussures de loisirs pour filles avec crochet en maille,6
3117,PierreLacombe,Soutien-gorge d'allaitement maternité confortable,7
3117,PierreLacombe,Robe pour fille de 2-8 ans,8
3117,PierreLacombe,Chaussures de loisirs pour filles avec crochet en maille,6
3118,AngeleGougeon,Filles Robe Grise Plissée Pour 4Y-15Y,5
3118,AngeleGougeon,Robe pour fille de 2-8 ans,4
3118,AngeleGougeon,Soutien-gorge d'allaitement maternité confortable,5
3119,GillesGaultier,Filles Robe Grise Plissée Pour 4Y-15Y,5
3119,GillesGaultier,Soutien-gorge d'allaitement maternité confortable,6
3119,GillesGaultier,Robe pour fille de 2-8 ans,6
3120,PaulDardenne,Soutien-gorge d'allaitement maternité confortable,6
3120,PaulDardenne,Robe pour fille de 2-8 ans,7
3120,PaulDardenne,Chaussures de loisirs pour filles avec crochet en maille,6
3121,JeanClaudeBouchard,Robe pour fille de 2-8 ans,8
3121,JeanClaudeBouchard,Soutien-gorge d'allaitement maternité confortable,7
3121,JeanClaudeBouchard,T-shirts en coton brodé Little Cloud,8
3122,FrancoiseDumont,99% coton Fun Cartoon Monster Print T-shirts,7
3122,FrancoiseDumont,Robe pour fille de 2-8 ans,7
3122,FrancoiseDumont,Soutien-gorge d'allaitement maternité confortable,6
3123,MarieLouiseLemoine,Soutien-gorge d'allaitement maternité confortable,6
3123,MarieLouiseLemoine,Robe pour fille de 2-8 ans,7
3123,MarieLouiseLemoine,99% coton Fun Cartoon Monster Print T-shirts,6
3124,ElisabethGirard,Soutien-gorge d'allaitement maternité confortable,7
3124,ElisabethGirard,Filles Robe Grise Plissée Pour 4Y-15Y,6
3124,ElisabethGirard,T-shirts en coton brodé Little Cloud,5
6,sahan123,Pantalon droit en coton avec cordon de serrage,9
6,sahan123,T-shirts 100% coton à motif d'avion,6
6,sahan123,Pantalon cargo couture pour homme décontracté,8
6,sahan123,Manteau en fausse fourrure pour homme,7
